[0.000000] (-) TimerEvent: {}
[0.001456] (turtlesim) JobQueued: {'identifier': 'turtlesim', 'dependencies': OrderedDict()}
[0.002422] (turtlesim) JobStarted: {'identifier': 'turtlesim'}
[0.038818] (turtlesim) JobProgress: {'identifier': 'turtlesim', 'progress': 'cmake'}
[0.038945] (turtlesim) Command: {'cmd': ['/usr/bin/cmake', '/home/skpro/Desktop/Robotics Learning/ros2_ws/src/ros_tutorials/turtlesim', '-DCMAKE_INSTALL_PREFIX=/home/skpro/Desktop/Robotics Learning/ros2_ws/install/turtlesim'], 'cwd': '/home/skpro/Desktop/Robotics Learning/ros2_ws/build/turtlesim', 'env': OrderedDict([('GJS_DEBUG_TOPICS', 'JS ERROR;JS LOG'), ('LESSOPEN', '| /usr/bin/lesspipe %s'), ('LANGUAGE', 'en_IN:en'), ('USER', 'skpro'), ('FONTCONFIG_PATH', '/etc/fonts'), ('GIO_MODULE_DIR', '/home/skpro/snap/code/common/.cache/gio-modules'), ('XDG_SESSION_TYPE', 'wayland'), ('GIT_ASKPASS', '/snap/code/205/usr/share/code/resources/app/extensions/git/dist/askpass.sh'), ('GTK_EXE_PREFIX_VSCODE_SNAP_ORIG', ''), ('GDK_BACKEND_VSCODE_SNAP_ORIG', ''), ('SHLVL', '1'), ('LD_LIBRARY_PATH', '/opt/ros/humble/opt/rviz_ogre_vendor/lib:/opt/ros/humble/lib/x86_64-linux-gnu:/opt/ros/humble/lib'), ('HOME', '/home/skpro'), ('CHROME_DESKTOP', 'code.desktop'), ('LOCPATH_VSCODE_SNAP_ORIG', ''), ('OLDPWD', '/home/skpro/Desktop/Robotics Learning'), ('TERM_PROGRAM_VERSION', '1.103.2'), ('DESKTOP_SESSION', 'ubuntu'), ('GTK_PATH', '/snap/code/205/usr/lib/x86_64-linux-gnu/gtk-3.0'), ('XDG_DATA_HOME_VSCODE_SNAP_ORIG', ''), ('GTK_IM_MODULE_FILE', '/home/skpro/snap/code/common/.cache/immodules/immodules.cache'), ('GIO_LAUNCHED_DESKTOP_FILE', '/var/lib/snapd/desktop/applications/code_code.desktop'), ('ROS_PYTHON_VERSION', '3'), ('GNOME_SHELL_SESSION_MODE', 'ubuntu'), ('GTK_MODULES', 'gail:atk-bridge'), ('GSETTINGS_SCHEMA_DIR_VSCODE_SNAP_ORIG', ''), ('VSCODE_GIT_ASKPASS_MAIN', '/snap/code/205/usr/share/code/resources/app/extensions/git/dist/askpass-main.js'), ('VSCODE_GIT_ASKPASS_NODE', '/snap/code/205/usr/share/code/code'), ('MANAGERPID', '2292'), ('SYSTEMD_EXEC_PID', '2460'), ('IM_CONFIG_CHECK_ENV', '1'), ('DBUS_SESSION_BUS_ADDRESS', 'unix:path=/run/user/1000/bus'), ('COLORTERM', 'truecolor'), ('GIO_LAUNCHED_DESKTOP_FILE_PID', '5864'), ('IM_CONFIG_PHASE', '1'), ('WAYLAND_DISPLAY', 'wayland-0'), ('ROS_DISTRO', 'humble'), ('LOGNAME', 'skpro'), ('JOURNAL_STREAM', '8:11670'), ('_', '/usr/bin/colcon'), ('ROS_VERSION', '2'), ('XDG_CONFIG_DIRS_VSCODE_SNAP_ORIG', '/etc/xdg/xdg-ubuntu:/etc/xdg'), ('XDG_SESSION_CLASS', 'user'), ('XDG_DATA_DIRS_VSCODE_SNAP_ORIG', '/usr/share/ubuntu:/usr/local/share/:/usr/share/:/var/lib/snapd/desktop'), ('USERNAME', 'skpro'), ('TERM', 'xterm-256color'), ('GNOME_DESKTOP_SESSION_ID', 'this-is-deprecated'), ('ROS_LOCALHOST_ONLY', '0'), ('PATH', '/opt/ros/humble/bin:/usr/local/sbin:/usr/local/bin:/usr/sbin:/usr/bin:/sbin:/bin:/usr/games:/usr/local/games:/snap/bin:/snap/bin'), ('SESSION_MANAGER', 'local/skpro-VirtualBox:@/tmp/.ICE-unix/2427,unix/skpro-VirtualBox:/tmp/.ICE-unix/2427'), ('GTK_EXE_PREFIX', '/snap/code/205/usr'), ('INVOCATION_ID', '5dea0b470d5546f8954710cbb69ec3c7'), ('XDG_MENU_PREFIX', 'gnome-'), ('BAMF_DESKTOP_FILE_HINT', '/var/lib/snapd/desktop/applications/code_code.desktop'), ('GNOME_SETUP_DISPLAY', ':1'), ('XDG_RUNTIME_DIR', '/run/user/1000'), ('GDK_BACKEND', 'x11'), ('DISPLAY', ':0'), ('LOCPATH', '/snap/code/205/usr/lib/locale'), ('LANG', 'en_US.UTF-8'), ('XDG_CURRENT_DESKTOP', 'Unity'), ('GIO_MODULE_DIR_VSCODE_SNAP_ORIG', ''), ('XDG_DATA_HOME', '/home/skpro/snap/code/205/.local/share'), ('XMODIFIERS', '@im=ibus'), ('XDG_SESSION_DESKTOP', 'ubuntu'), ('XAUTHORITY', '/run/user/1000/.mutter-Xwaylandauth.69J4B3'), ('LS_COLORS', 'rs=0:di=01;34:ln=01;36:mh=00:pi=40;33:so=01;35:do=01;35:bd=40;33;01:cd=40;33;01:or=40;31;01:mi=00:su=37;41:sg=30;43:ca=30;41:tw=30;42:ow=34;42:st=37;44:ex=01;32:*.tar=01;31:*.tgz=01;31:*.arc=01;31:*.arj=01;31:*.taz=01;31:*.lha=01;31:*.lz4=01;31:*.lzh=01;31:*.lzma=01;31:*.tlz=01;31:*.txz=01;31:*.tzo=01;31:*.t7z=01;31:*.zip=01;31:*.z=01;31:*.dz=01;31:*.gz=01;31:*.lrz=01;31:*.lz=01;31:*.lzo=01;31:*.xz=01;31:*.zst=01;31:*.tzst=01;31:*.bz2=01;31:*.bz=01;31:*.tbz=01;31:*.tbz2=01;31:*.tz=01;31:*.deb=01;31:*.rpm=01;31:*.jar=01;31:*.war=01;31:*.ear=01;31:*.sar=01;31:*.rar=01;31:*.alz=01;31:*.ace=01;31:*.zoo=01;31:*.cpio=01;31:*.7z=01;31:*.rz=01;31:*.cab=01;31:*.wim=01;31:*.swm=01;31:*.dwm=01;31:*.esd=01;31:*.jpg=01;35:*.jpeg=01;35:*.mjpg=01;35:*.mjpeg=01;35:*.gif=01;35:*.bmp=01;35:*.pbm=01;35:*.pgm=01;35:*.ppm=01;35:*.tga=01;35:*.xbm=01;35:*.xpm=01;35:*.tif=01;35:*.tiff=01;35:*.png=01;35:*.svg=01;35:*.svgz=01;35:*.mng=01;35:*.pcx=01;35:*.mov=01;35:*.mpg=01;35:*.mpeg=01;35:*.m2v=01;35:*.mkv=01;35:*.webm=01;35:*.webp=01;35:*.ogm=01;35:*.mp4=01;35:*.m4v=01;35:*.mp4v=01;35:*.vob=01;35:*.qt=01;35:*.nuv=01;35:*.wmv=01;35:*.asf=01;35:*.rm=01;35:*.rmvb=01;35:*.flc=01;35:*.avi=01;35:*.fli=01;35:*.flv=01;35:*.gl=01;35:*.dl=01;35:*.xcf=01;35:*.xwd=01;35:*.yuv=01;35:*.cgm=01;35:*.emf=01;35:*.ogv=01;35:*.ogx=01;35:*.aac=00;36:*.au=00;36:*.flac=00;36:*.m4a=00;36:*.mid=00;36:*.midi=00;36:*.mka=00;36:*.mp3=00;36:*.mpc=00;36:*.ogg=00;36:*.ra=00;36:*.wav=00;36:*.oga=00;36:*.opus=00;36:*.spx=00;36:*.xspf=00;36:'), ('VSCODE_GIT_IPC_HANDLE', '/run/user/1000/vscode-git-0affc95138.sock'), ('TERM_PROGRAM', 'vscode'), ('SSH_AGENT_LAUNCHER', 'gnome-keyring'), ('SSH_AUTH_SOCK', '/run/user/1000/keyring/ssh'), ('GSETTINGS_SCHEMA_DIR', '/home/skpro/snap/code/205/.local/share/glib-2.0/schemas'), ('AMENT_PREFIX_PATH', '/opt/ros/humble'), ('ORIGINAL_XDG_CURRENT_DESKTOP', 'ubuntu:GNOME'), ('SHELL', '/bin/bash'), ('QT_ACCESSIBILITY', '1'), ('GDMSESSION', 'ubuntu'), ('LESSCLOSE', '/usr/bin/lesspipe %s %s'), ('GTK_PATH_VSCODE_SNAP_ORIG', ''), ('FONTCONFIG_FILE', '/etc/fonts/fonts.conf'), ('GTK_IM_MODULE_FILE_VSCODE_SNAP_ORIG', ''), ('GJS_DEBUG_OUTPUT', 'stderr'), ('VSCODE_GIT_ASKPASS_EXTRA_ARGS', ''), ('QT_IM_MODULE', 'ibus'), ('PWD', '/home/skpro/Desktop/Robotics Learning/ros2_ws/build/turtlesim'), ('LC_ALL', 'en_US.UTF-8'), ('XDG_CONFIG_DIRS', '/etc/xdg/xdg-ubuntu:/etc/xdg'), ('XDG_DATA_DIRS', '/home/skpro/snap/code/205/.local/share:/home/skpro/snap/code/205:/snap/code/205/usr/share:/usr/share/ubuntu:/usr/local/share/:/usr/share/:/var/lib/snapd/desktop'), ('PYTHONPATH', '/opt/ros/humble/lib/python3.10/site-packages:/opt/ros/humble/local/lib/python3.10/dist-packages'), ('COLCON', '1'), ('CMAKE_PREFIX_PATH', '/opt/ros/humble')]), 'shell': False}
[0.103596] (-) TimerEvent: {}
[0.204519] (-) TimerEvent: {}
[0.306663] (-) TimerEvent: {}
[0.413562] (-) TimerEvent: {}
[0.518933] (-) TimerEvent: {}
[0.605888] (turtlesim) StdoutLine: {'line': b'-- The C compiler identification is GNU 11.4.0\n'}
[0.619711] (-) TimerEvent: {}
[0.721271] (-) TimerEvent: {}
[0.824077] (-) TimerEvent: {}
[0.915384] (turtlesim) StdoutLine: {'line': b'-- The CXX compiler identification is GNU 11.4.0\n'}
[0.925812] (-) TimerEvent: {}
[0.945614] (turtlesim) StdoutLine: {'line': b'-- Detecting C compiler ABI info\n'}
[1.036136] (-) TimerEvent: {}
[1.108580] (turtlesim) StdoutLine: {'line': b'-- Detecting C compiler ABI info - done\n'}
[1.117412] (turtlesim) StdoutLine: {'line': b'-- Check for working C compiler: /usr/bin/cc - skipped\n'}
[1.118276] (turtlesim) StdoutLine: {'line': b'-- Detecting C compile features\n'}
[1.120567] (turtlesim) StdoutLine: {'line': b'-- Detecting C compile features - done\n'}
[1.126650] (turtlesim) StdoutLine: {'line': b'-- Detecting CXX compiler ABI info\n'}
[1.136854] (-) TimerEvent: {}
[1.239708] (-) TimerEvent: {}
[1.313036] (turtlesim) StdoutLine: {'line': b'-- Detecting CXX compiler ABI info - done\n'}
[1.327930] (turtlesim) StdoutLine: {'line': b'-- Check for working CXX compiler: /usr/bin/c++ - skipped\n'}
[1.328524] (turtlesim) StdoutLine: {'line': b'-- Detecting CXX compile features\n'}
[1.328633] (turtlesim) StdoutLine: {'line': b'-- Detecting CXX compile features - done\n'}
[1.340506] (-) TimerEvent: {}
[1.344910] (turtlesim) StdoutLine: {'line': b'-- Found ament_cmake: 1.3.12 (/opt/ros/humble/share/ament_cmake/cmake)\n'}
[1.441776] (-) TimerEvent: {}
[1.551366] (-) TimerEvent: {}
[1.557835] (turtlesim) StdoutLine: {'line': b'-- Found Python3: /usr/bin/python3 (found version "3.10.12") found components: Interpreter \n'}
[1.652409] (-) TimerEvent: {}
[1.741468] (turtlesim) StdoutLine: {'line': b'-- Found ament_index_cpp: 1.4.0 (/opt/ros/humble/share/ament_index_cpp/cmake)\n'}
[1.746608] (turtlesim) StdoutLine: {'line': b'-- Found geometry_msgs: 4.9.0 (/opt/ros/humble/share/geometry_msgs/cmake)\n'}
[1.756514] (-) TimerEvent: {}
[1.848062] (turtlesim) StdoutLine: {'line': b'-- Found rosidl_generator_c: 3.1.7 (/opt/ros/humble/share/rosidl_generator_c/cmake)\n'}
[1.856648] (-) TimerEvent: {}
[1.861052] (turtlesim) StdoutLine: {'line': b'-- Found rosidl_adapter: 3.1.7 (/opt/ros/humble/share/rosidl_adapter/cmake)\n'}
[1.881757] (turtlesim) StdoutLine: {'line': b'-- Found rosidl_generator_cpp: 3.1.7 (/opt/ros/humble/share/rosidl_generator_cpp/cmake)\n'}
[1.915079] (turtlesim) StdoutLine: {'line': b'-- Using all available rosidl_typesupport_c: rosidl_typesupport_fastrtps_c;rosidl_typesupport_introspection_c\n'}
[1.953323] (turtlesim) StdoutLine: {'line': b'-- Using all available rosidl_typesupport_cpp: rosidl_typesupport_fastrtps_cpp;rosidl_typesupport_introspection_cpp\n'}
[1.958270] (-) TimerEvent: {}
[2.059470] (-) TimerEvent: {}
[2.114804] (turtlesim) StdoutLine: {'line': b'-- Found rclcpp: 16.0.14 (/opt/ros/humble/share/rclcpp/cmake)\n'}
[2.175008] (-) TimerEvent: {}
[2.186947] (turtlesim) StdoutLine: {'line': b'-- Found rmw_implementation_cmake: 6.1.2 (/opt/ros/humble/share/rmw_implementation_cmake/cmake)\n'}
[2.197969] (turtlesim) StdoutLine: {'line': b'-- Found rmw_fastrtps_cpp: 6.2.8 (/opt/ros/humble/share/rmw_fastrtps_cpp/cmake)\n'}
[2.276553] (-) TimerEvent: {}
[2.377788] (-) TimerEvent: {}
[2.386980] (turtlesim) StdoutLine: {'line': b'-- Found OpenSSL: /usr/lib/x86_64-linux-gnu/libcrypto.so (found version "3.0.2")  \n'}
[2.424526] (turtlesim) StdoutLine: {'line': b'-- Found FastRTPS: /opt/ros/humble/include  \n'}
[2.468176] (turtlesim) StdoutLine: {'line': b"-- Using RMW implementation 'rmw_fastrtps_cpp' as default\n"}
[2.479799] (-) TimerEvent: {}
[2.489620] (turtlesim) StdoutLine: {'line': b'-- Looking for pthread.h\n'}
[2.582968] (-) TimerEvent: {}
[2.646584] (turtlesim) StdoutLine: {'line': b'-- Looking for pthread.h - found\n'}
[2.647091] (turtlesim) StdoutLine: {'line': b'-- Performing Test CMAKE_HAVE_LIBC_PTHREAD\n'}
[2.683446] (-) TimerEvent: {}
[2.784566] (-) TimerEvent: {}
[2.790443] (turtlesim) StdoutLine: {'line': b'-- Performing Test CMAKE_HAVE_LIBC_PTHREAD - Success\n'}
[2.790658] (turtlesim) StdoutLine: {'line': b'-- Found Threads: TRUE  \n'}
[2.889598] (-) TimerEvent: {}
[2.915355] (turtlesim) StdoutLine: {'line': b'-- Found rclcpp_action: 16.0.14 (/opt/ros/humble/share/rclcpp_action/cmake)\n'}
[2.989959] (-) TimerEvent: {}
[2.992487] (turtlesim) StdoutLine: {'line': b'-- Found rosidl_default_generators: 1.2.0 (/opt/ros/humble/share/rosidl_default_generators/cmake)\n'}
[3.018280] (turtlesim) StdoutLine: {'line': b'-- Found std_srvs: 4.9.0 (/opt/ros/humble/share/std_srvs/cmake)\n'}
[3.103789] (-) TimerEvent: {}
[3.216040] (-) TimerEvent: {}
[3.318435] (-) TimerEvent: {}
[3.422343] (-) TimerEvent: {}
[3.443449] (turtlesim) StdoutLine: {'line': b'-- Found ament_cmake_ros: 0.10.0 (/opt/ros/humble/share/ament_cmake_ros/cmake)\n'}
[3.524939] (-) TimerEvent: {}
[3.628099] (-) TimerEvent: {}
[3.731192] (-) TimerEvent: {}
[3.841548] (-) TimerEvent: {}
[3.899739] (turtlesim) StdoutLine: {'line': b'-- Using all available rosidl_typesupport_c: rosidl_typesupport_fastrtps_c;rosidl_typesupport_introspection_c\n'}
[3.942650] (-) TimerEvent: {}
[4.044545] (-) TimerEvent: {}
[4.059149] (turtlesim) StdoutLine: {'line': b'-- Using all available rosidl_typesupport_cpp: rosidl_typesupport_fastrtps_cpp;rosidl_typesupport_introspection_cpp\n'}
[4.089499] (turtlesim) StdoutLine: {'line': b'-- Found PythonInterp: /usr/bin/python3 (found suitable version "3.10.12", minimum required is "3.6") \n'}
[4.093030] (turtlesim) StdoutLine: {'line': b'-- Found python_cmake_module: 0.10.0 (/opt/ros/humble/share/python_cmake_module/cmake)\n'}
[4.135124] (turtlesim) StdoutLine: {'line': b'-- Found PythonLibs: /usr/lib/x86_64-linux-gnu/libpython3.10.so (found suitable version "3.10.12", minimum required is "3.5") \n'}
[4.135550] (turtlesim) StdoutLine: {'line': b'-- Using PYTHON_EXECUTABLE: /usr/bin/python3\n'}
[4.135651] (turtlesim) StdoutLine: {'line': b'-- Using PYTHON_INCLUDE_DIRS: /usr/include/python3.10\n'}
[4.135728] (turtlesim) StdoutLine: {'line': b'-- Using PYTHON_LIBRARIES: /usr/lib/x86_64-linux-gnu/libpython3.10.so\n'}
[4.144863] (-) TimerEvent: {}
[4.159312] (turtlesim) StdoutLine: {'line': b'-- Found PythonExtra: .so  \n'}
[4.246821] (-) TimerEvent: {}
[4.251321] (turtlesim) StdoutLine: {'line': b'-- Configuring done\n'}
[4.348267] (-) TimerEvent: {}
[4.363783] (turtlesim) StdoutLine: {'line': b'-- Generating done\n'}
[4.391299] (turtlesim) StdoutLine: {'line': b'-- Build files have been written to: /home/skpro/Desktop/Robotics Learning/ros2_ws/build/turtlesim\n'}
[4.432120] (turtlesim) CommandEnded: {'returncode': 0}
[4.433004] (turtlesim) JobProgress: {'identifier': 'turtlesim', 'progress': 'build'}
[4.433072] (turtlesim) Command: {'cmd': ['/usr/bin/cmake', '--build', '/home/skpro/Desktop/Robotics Learning/ros2_ws/build/turtlesim', '--', '-j4', '-l4'], 'cwd': '/home/skpro/Desktop/Robotics Learning/ros2_ws/build/turtlesim', 'env': OrderedDict([('GJS_DEBUG_TOPICS', 'JS ERROR;JS LOG'), ('LESSOPEN', '| /usr/bin/lesspipe %s'), ('LANGUAGE', 'en_IN:en'), ('USER', 'skpro'), ('FONTCONFIG_PATH', '/etc/fonts'), ('GIO_MODULE_DIR', '/home/skpro/snap/code/common/.cache/gio-modules'), ('XDG_SESSION_TYPE', 'wayland'), ('GIT_ASKPASS', '/snap/code/205/usr/share/code/resources/app/extensions/git/dist/askpass.sh'), ('GTK_EXE_PREFIX_VSCODE_SNAP_ORIG', ''), ('GDK_BACKEND_VSCODE_SNAP_ORIG', ''), ('SHLVL', '1'), ('LD_LIBRARY_PATH', '/opt/ros/humble/opt/rviz_ogre_vendor/lib:/opt/ros/humble/lib/x86_64-linux-gnu:/opt/ros/humble/lib'), ('HOME', '/home/skpro'), ('CHROME_DESKTOP', 'code.desktop'), ('LOCPATH_VSCODE_SNAP_ORIG', ''), ('OLDPWD', '/home/skpro/Desktop/Robotics Learning'), ('TERM_PROGRAM_VERSION', '1.103.2'), ('DESKTOP_SESSION', 'ubuntu'), ('GTK_PATH', '/snap/code/205/usr/lib/x86_64-linux-gnu/gtk-3.0'), ('XDG_DATA_HOME_VSCODE_SNAP_ORIG', ''), ('GTK_IM_MODULE_FILE', '/home/skpro/snap/code/common/.cache/immodules/immodules.cache'), ('GIO_LAUNCHED_DESKTOP_FILE', '/var/lib/snapd/desktop/applications/code_code.desktop'), ('ROS_PYTHON_VERSION', '3'), ('GNOME_SHELL_SESSION_MODE', 'ubuntu'), ('GTK_MODULES', 'gail:atk-bridge'), ('GSETTINGS_SCHEMA_DIR_VSCODE_SNAP_ORIG', ''), ('VSCODE_GIT_ASKPASS_MAIN', '/snap/code/205/usr/share/code/resources/app/extensions/git/dist/askpass-main.js'), ('VSCODE_GIT_ASKPASS_NODE', '/snap/code/205/usr/share/code/code'), ('MANAGERPID', '2292'), ('SYSTEMD_EXEC_PID', '2460'), ('IM_CONFIG_CHECK_ENV', '1'), ('DBUS_SESSION_BUS_ADDRESS', 'unix:path=/run/user/1000/bus'), ('COLORTERM', 'truecolor'), ('GIO_LAUNCHED_DESKTOP_FILE_PID', '5864'), ('IM_CONFIG_PHASE', '1'), ('WAYLAND_DISPLAY', 'wayland-0'), ('ROS_DISTRO', 'humble'), ('LOGNAME', 'skpro'), ('JOURNAL_STREAM', '8:11670'), ('_', '/usr/bin/colcon'), ('ROS_VERSION', '2'), ('XDG_CONFIG_DIRS_VSCODE_SNAP_ORIG', '/etc/xdg/xdg-ubuntu:/etc/xdg'), ('XDG_SESSION_CLASS', 'user'), ('XDG_DATA_DIRS_VSCODE_SNAP_ORIG', '/usr/share/ubuntu:/usr/local/share/:/usr/share/:/var/lib/snapd/desktop'), ('USERNAME', 'skpro'), ('TERM', 'xterm-256color'), ('GNOME_DESKTOP_SESSION_ID', 'this-is-deprecated'), ('ROS_LOCALHOST_ONLY', '0'), ('PATH', '/opt/ros/humble/bin:/usr/local/sbin:/usr/local/bin:/usr/sbin:/usr/bin:/sbin:/bin:/usr/games:/usr/local/games:/snap/bin:/snap/bin'), ('SESSION_MANAGER', 'local/skpro-VirtualBox:@/tmp/.ICE-unix/2427,unix/skpro-VirtualBox:/tmp/.ICE-unix/2427'), ('GTK_EXE_PREFIX', '/snap/code/205/usr'), ('INVOCATION_ID', '5dea0b470d5546f8954710cbb69ec3c7'), ('XDG_MENU_PREFIX', 'gnome-'), ('BAMF_DESKTOP_FILE_HINT', '/var/lib/snapd/desktop/applications/code_code.desktop'), ('GNOME_SETUP_DISPLAY', ':1'), ('XDG_RUNTIME_DIR', '/run/user/1000'), ('GDK_BACKEND', 'x11'), ('DISPLAY', ':0'), ('LOCPATH', '/snap/code/205/usr/lib/locale'), ('LANG', 'en_US.UTF-8'), ('XDG_CURRENT_DESKTOP', 'Unity'), ('GIO_MODULE_DIR_VSCODE_SNAP_ORIG', ''), ('XDG_DATA_HOME', '/home/skpro/snap/code/205/.local/share'), ('XMODIFIERS', '@im=ibus'), ('XDG_SESSION_DESKTOP', 'ubuntu'), ('XAUTHORITY', '/run/user/1000/.mutter-Xwaylandauth.69J4B3'), ('LS_COLORS', 'rs=0:di=01;34:ln=01;36:mh=00:pi=40;33:so=01;35:do=01;35:bd=40;33;01:cd=40;33;01:or=40;31;01:mi=00:su=37;41:sg=30;43:ca=30;41:tw=30;42:ow=34;42:st=37;44:ex=01;32:*.tar=01;31:*.tgz=01;31:*.arc=01;31:*.arj=01;31:*.taz=01;31:*.lha=01;31:*.lz4=01;31:*.lzh=01;31:*.lzma=01;31:*.tlz=01;31:*.txz=01;31:*.tzo=01;31:*.t7z=01;31:*.zip=01;31:*.z=01;31:*.dz=01;31:*.gz=01;31:*.lrz=01;31:*.lz=01;31:*.lzo=01;31:*.xz=01;31:*.zst=01;31:*.tzst=01;31:*.bz2=01;31:*.bz=01;31:*.tbz=01;31:*.tbz2=01;31:*.tz=01;31:*.deb=01;31:*.rpm=01;31:*.jar=01;31:*.war=01;31:*.ear=01;31:*.sar=01;31:*.rar=01;31:*.alz=01;31:*.ace=01;31:*.zoo=01;31:*.cpio=01;31:*.7z=01;31:*.rz=01;31:*.cab=01;31:*.wim=01;31:*.swm=01;31:*.dwm=01;31:*.esd=01;31:*.jpg=01;35:*.jpeg=01;35:*.mjpg=01;35:*.mjpeg=01;35:*.gif=01;35:*.bmp=01;35:*.pbm=01;35:*.pgm=01;35:*.ppm=01;35:*.tga=01;35:*.xbm=01;35:*.xpm=01;35:*.tif=01;35:*.tiff=01;35:*.png=01;35:*.svg=01;35:*.svgz=01;35:*.mng=01;35:*.pcx=01;35:*.mov=01;35:*.mpg=01;35:*.mpeg=01;35:*.m2v=01;35:*.mkv=01;35:*.webm=01;35:*.webp=01;35:*.ogm=01;35:*.mp4=01;35:*.m4v=01;35:*.mp4v=01;35:*.vob=01;35:*.qt=01;35:*.nuv=01;35:*.wmv=01;35:*.asf=01;35:*.rm=01;35:*.rmvb=01;35:*.flc=01;35:*.avi=01;35:*.fli=01;35:*.flv=01;35:*.gl=01;35:*.dl=01;35:*.xcf=01;35:*.xwd=01;35:*.yuv=01;35:*.cgm=01;35:*.emf=01;35:*.ogv=01;35:*.ogx=01;35:*.aac=00;36:*.au=00;36:*.flac=00;36:*.m4a=00;36:*.mid=00;36:*.midi=00;36:*.mka=00;36:*.mp3=00;36:*.mpc=00;36:*.ogg=00;36:*.ra=00;36:*.wav=00;36:*.oga=00;36:*.opus=00;36:*.spx=00;36:*.xspf=00;36:'), ('VSCODE_GIT_IPC_HANDLE', '/run/user/1000/vscode-git-0affc95138.sock'), ('TERM_PROGRAM', 'vscode'), ('SSH_AGENT_LAUNCHER', 'gnome-keyring'), ('SSH_AUTH_SOCK', '/run/user/1000/keyring/ssh'), ('GSETTINGS_SCHEMA_DIR', '/home/skpro/snap/code/205/.local/share/glib-2.0/schemas'), ('AMENT_PREFIX_PATH', '/opt/ros/humble'), ('ORIGINAL_XDG_CURRENT_DESKTOP', 'ubuntu:GNOME'), ('SHELL', '/bin/bash'), ('QT_ACCESSIBILITY', '1'), ('GDMSESSION', 'ubuntu'), ('LESSCLOSE', '/usr/bin/lesspipe %s %s'), ('GTK_PATH_VSCODE_SNAP_ORIG', ''), ('FONTCONFIG_FILE', '/etc/fonts/fonts.conf'), ('GTK_IM_MODULE_FILE_VSCODE_SNAP_ORIG', ''), ('GJS_DEBUG_OUTPUT', 'stderr'), ('VSCODE_GIT_ASKPASS_EXTRA_ARGS', ''), ('QT_IM_MODULE', 'ibus'), ('PWD', '/home/skpro/Desktop/Robotics Learning/ros2_ws/build/turtlesim'), ('LC_ALL', 'en_US.UTF-8'), ('XDG_CONFIG_DIRS', '/etc/xdg/xdg-ubuntu:/etc/xdg'), ('XDG_DATA_DIRS', '/home/skpro/snap/code/205/.local/share:/home/skpro/snap/code/205:/snap/code/205/usr/share:/usr/share/ubuntu:/usr/local/share/:/usr/share/:/var/lib/snapd/desktop'), ('PYTHONPATH', '/opt/ros/humble/lib/python3.10/site-packages:/opt/ros/humble/local/lib/python3.10/dist-packages'), ('COLCON', '1'), ('CMAKE_PREFIX_PATH', '/opt/ros/humble')]), 'shell': False}
[4.449347] (-) TimerEvent: {}
[4.549035] (turtlesim) StdoutLine: {'line': b'[  1%] \x1b[34m\x1b[1mGenerating C code for ROS interfaces\x1b[0m\n'}
[4.549665] (-) TimerEvent: {}
[4.563904] (turtlesim) StdoutLine: {'line': b'[  2%] \x1b[34m\x1b[1mGenerating C++ code for ROS interfaces\x1b[0m\n'}
[4.599682] (turtlesim) StdoutLine: {'line': b'[  2%] Built target ament_cmake_python_copy_turtlesim\n'}
[4.650461] (-) TimerEvent: {}
[4.773075] (-) TimerEvent: {}
[4.892171] (-) TimerEvent: {}
[5.009531] (turtlesim) StdoutLine: {'line': b'running egg_info\n'}
[5.009790] (-) TimerEvent: {}
[5.009903] (turtlesim) StdoutLine: {'line': b'creating turtlesim.egg-info\n'}
[5.009956] (turtlesim) StdoutLine: {'line': b'writing turtlesim.egg-info/PKG-INFO\n'}
[5.009999] (turtlesim) StdoutLine: {'line': b'writing dependency_links to turtlesim.egg-info/dependency_links.txt\n'}
[5.010040] (turtlesim) StdoutLine: {'line': b'writing top-level names to turtlesim.egg-info/top_level.txt\n'}
[5.010081] (turtlesim) StdoutLine: {'line': b"writing manifest file 'turtlesim.egg-info/SOURCES.txt'\n"}
[5.010121] (turtlesim) StdoutLine: {'line': b"reading manifest file 'turtlesim.egg-info/SOURCES.txt'\n"}
[5.021026] (turtlesim) StdoutLine: {'line': b"writing manifest file 'turtlesim.egg-info/SOURCES.txt'\n"}
[5.116866] (-) TimerEvent: {}
[5.149578] (turtlesim) StdoutLine: {'line': b'[  2%] Built target ament_cmake_python_build_turtlesim_egg\n'}
[5.234655] (-) TimerEvent: {}
[5.340284] (-) TimerEvent: {}
[5.446027] (-) TimerEvent: {}
[5.548065] (-) TimerEvent: {}
[5.649078] (-) TimerEvent: {}
[5.752153] (-) TimerEvent: {}
[5.859031] (-) TimerEvent: {}
[5.963958] (-) TimerEvent: {}
[6.066476] (-) TimerEvent: {}
[6.159920] (turtlesim) StdoutLine: {'line': b'[  3%] \x1b[32mBuilding C object CMakeFiles/turtlesim__rosidl_generator_c.dir/rosidl_generator_c/turtlesim/action/detail/rotate_absolute__functions.c.o\x1b[0m\n'}
[6.168711] (-) TimerEvent: {}
[6.172412] (turtlesim) StdoutLine: {'line': b'[  4%] \x1b[32mBuilding C object CMakeFiles/turtlesim__rosidl_generator_c.dir/rosidl_generator_c/turtlesim/msg/detail/color__functions.c.o\x1b[0m\n'}
[6.254453] (turtlesim) StdoutLine: {'line': b'[  5%] \x1b[32mBuilding C object CMakeFiles/turtlesim__rosidl_generator_c.dir/rosidl_generator_c/turtlesim/msg/detail/pose__functions.c.o\x1b[0m\n'}
[6.282381] (-) TimerEvent: {}
[6.372078] (turtlesim) StdoutLine: {'line': b'[  6%] \x1b[32mBuilding C object CMakeFiles/turtlesim__rosidl_generator_c.dir/rosidl_generator_c/turtlesim/srv/detail/kill__functions.c.o\x1b[0m\n'}
[6.387474] (-) TimerEvent: {}
[6.397211] (turtlesim) StdoutLine: {'line': b'[  7%] \x1b[32mBuilding C object CMakeFiles/turtlesim__rosidl_generator_c.dir/rosidl_generator_c/turtlesim/srv/detail/set_pen__functions.c.o\x1b[0m\n'}
[6.481118] (turtlesim) StdoutLine: {'line': b'[  8%] \x1b[32mBuilding C object CMakeFiles/turtlesim__rosidl_generator_c.dir/rosidl_generator_c/turtlesim/srv/detail/spawn__functions.c.o\x1b[0m\n'}
[6.488924] (-) TimerEvent: {}
[6.512974] (turtlesim) StdoutLine: {'line': b'[  9%] \x1b[32mBuilding C object CMakeFiles/turtlesim__rosidl_generator_c.dir/rosidl_generator_c/turtlesim/srv/detail/teleport_absolute__functions.c.o\x1b[0m\n'}
[6.537997] (turtlesim) StdoutLine: {'line': b'[ 10%] \x1b[32mBuilding C object CMakeFiles/turtlesim__rosidl_generator_c.dir/rosidl_generator_c/turtlesim/srv/detail/teleport_relative__functions.c.o\x1b[0m\n'}
[6.590409] (-) TimerEvent: {}
[6.648919] (turtlesim) StdoutLine: {'line': b'[ 11%] \x1b[32m\x1b[1mLinking C shared library libturtlesim__rosidl_generator_c.so\x1b[0m\n'}
[6.691045] (-) TimerEvent: {}
[6.704804] (turtlesim) StdoutLine: {'line': b'[ 11%] Built target turtlesim__cpp\n'}
[6.738432] (turtlesim) StdoutLine: {'line': b'[ 12%] \x1b[34m\x1b[1mGenerating C++ type support dispatch for ROS interfaces\x1b[0m\n'}
[6.753239] (turtlesim) StdoutLine: {'line': b'[ 13%] \x1b[34m\x1b[1mGenerating C++ type support for eProsima Fast-RTPS\x1b[0m\n'}
[6.753445] (turtlesim) StdoutLine: {'line': b'[ 14%] \x1b[34m\x1b[1mGenerating C++ introspection for ROS interfaces\x1b[0m\n'}
[6.756966] (turtlesim) StdoutLine: {'line': b'[ 14%] Built target turtlesim__rosidl_generator_c\n'}
[6.793115] (-) TimerEvent: {}
[6.837457] (turtlesim) StdoutLine: {'line': b'[ 15%] \x1b[34m\x1b[1mGenerating C type support for eProsima Fast-RTPS\x1b[0m\n'}
[6.908207] (-) TimerEvent: {}
[7.021797] (-) TimerEvent: {}
[7.128330] (-) TimerEvent: {}
[7.230217] (-) TimerEvent: {}
[7.356819] (-) TimerEvent: {}
[7.508379] (-) TimerEvent: {}
[7.644832] (-) TimerEvent: {}
[7.748751] (-) TimerEvent: {}
[7.854132] (-) TimerEvent: {}
[7.854942] (turtlesim) StdoutLine: {'line': b'[ 16%] \x1b[32mBuilding CXX object CMakeFiles/turtlesim__rosidl_typesupport_cpp.dir/rosidl_typesupport_cpp/turtlesim/action/rotate_absolute__type_support.cpp.o\x1b[0m\n'}
[7.959013] (-) TimerEvent: {}
[8.060197] (-) TimerEvent: {}
[8.158350] (turtlesim) StdoutLine: {'line': b'[ 17%] \x1b[32mBuilding CXX object CMakeFiles/turtlesim__rosidl_typesupport_fastrtps_c.dir/rosidl_typesupport_fastrtps_c/turtlesim/action/detail/rotate_absolute__type_support_c.cpp.o\x1b[0m\n'}
[8.160500] (-) TimerEvent: {}
[8.262582] (-) TimerEvent: {}
[8.363537] (-) TimerEvent: {}
[8.470577] (-) TimerEvent: {}
[8.511598] (turtlesim) StdoutLine: {'line': b'[ 18%] \x1b[32mBuilding CXX object CMakeFiles/turtlesim__rosidl_typesupport_introspection_cpp.dir/rosidl_typesupport_introspection_cpp/turtlesim/action/detail/rotate_absolute__type_support.cpp.o\x1b[0m\n'}
[8.579378] (-) TimerEvent: {}
[8.737053] (-) TimerEvent: {}
[8.893467] (-) TimerEvent: {}
[8.930710] (turtlesim) StdoutLine: {'line': b'[ 19%] \x1b[32mBuilding CXX object CMakeFiles/turtlesim__rosidl_typesupport_fastrtps_cpp.dir/rosidl_typesupport_fastrtps_cpp/turtlesim/action/detail/dds_fastrtps/rotate_absolute__type_support.cpp.o\x1b[0m\n'}
[8.975506] (turtlesim) StdoutLine: {'line': b'[ 20%] \x1b[32mBuilding CXX object CMakeFiles/turtlesim__rosidl_typesupport_cpp.dir/rosidl_typesupport_cpp/turtlesim/msg/color__type_support.cpp.o\x1b[0m\n'}
[8.985853] (turtlesim) StdoutLine: {'line': b'[ 21%] \x1b[32mBuilding CXX object CMakeFiles/turtlesim__rosidl_typesupport_fastrtps_c.dir/rosidl_typesupport_fastrtps_c/turtlesim/msg/detail/color__type_support_c.cpp.o\x1b[0m\n'}
[8.996514] (-) TimerEvent: {}
[9.257990] (-) TimerEvent: {}
[9.434908] (-) TimerEvent: {}
[9.499080] (turtlesim) StdoutLine: {'line': b'[ 22%] \x1b[32mBuilding CXX object CMakeFiles/turtlesim__rosidl_typesupport_cpp.dir/rosidl_typesupport_cpp/turtlesim/msg/pose__type_support.cpp.o\x1b[0m\n'}
[9.614606] (-) TimerEvent: {}
[9.761955] (-) TimerEvent: {}
[9.834311] (turtlesim) StdoutLine: {'line': b'[ 23%] \x1b[32mBuilding CXX object CMakeFiles/turtlesim__rosidl_typesupport_fastrtps_c.dir/rosidl_typesupport_fastrtps_c/turtlesim/msg/detail/pose__type_support_c.cpp.o\x1b[0m\n'}
[9.967888] (-) TimerEvent: {}
[10.097846] (-) TimerEvent: {}
[10.167577] (turtlesim) StdoutLine: {'line': b'[ 24%] \x1b[32mBuilding CXX object CMakeFiles/turtlesim__rosidl_typesupport_introspection_cpp.dir/rosidl_typesupport_introspection_cpp/turtlesim/msg/detail/color__type_support.cpp.o\x1b[0m\n'}
[10.200798] (-) TimerEvent: {}
[10.207437] (turtlesim) StdoutLine: {'line': b'[ 25%] \x1b[32mBuilding CXX object CMakeFiles/turtlesim__rosidl_typesupport_fastrtps_cpp.dir/rosidl_typesupport_fastrtps_cpp/turtlesim/msg/detail/dds_fastrtps/color__type_support.cpp.o\x1b[0m\n'}
[10.311796] (-) TimerEvent: {}
[10.353998] (turtlesim) StdoutLine: {'line': b'[ 26%] \x1b[32mBuilding CXX object CMakeFiles/turtlesim__rosidl_typesupport_cpp.dir/rosidl_typesupport_cpp/turtlesim/srv/kill__type_support.cpp.o\x1b[0m\n'}
[10.431087] (-) TimerEvent: {}
[10.558938] (-) TimerEvent: {}
[10.559906] (turtlesim) StdoutLine: {'line': b'[ 27%] \x1b[32mBuilding CXX object CMakeFiles/turtlesim__rosidl_typesupport_fastrtps_c.dir/rosidl_typesupport_fastrtps_c/turtlesim/srv/detail/kill__type_support_c.cpp.o\x1b[0m\n'}
[10.659432] (-) TimerEvent: {}
[10.660404] (turtlesim) StdoutLine: {'line': b'[ 28%] \x1b[32mBuilding CXX object CMakeFiles/turtlesim__rosidl_typesupport_introspection_cpp.dir/rosidl_typesupport_introspection_cpp/turtlesim/msg/detail/pose__type_support.cpp.o\x1b[0m\n'}
[10.763755] (-) TimerEvent: {}
[10.780299] (turtlesim) StdoutLine: {'line': b'[ 29%] \x1b[32mBuilding CXX object CMakeFiles/turtlesim__rosidl_typesupport_fastrtps_cpp.dir/rosidl_typesupport_fastrtps_cpp/turtlesim/msg/detail/dds_fastrtps/pose__type_support.cpp.o\x1b[0m\n'}
[11.005174] (-) TimerEvent: {}
[11.029717] (turtlesim) StdoutLine: {'line': b'[ 30%] \x1b[32mBuilding CXX object CMakeFiles/turtlesim__rosidl_typesupport_cpp.dir/rosidl_typesupport_cpp/turtlesim/srv/set_pen__type_support.cpp.o\x1b[0m\n'}
[11.051664] (turtlesim) StdoutLine: {'line': b'[ 31%] \x1b[32mBuilding CXX object CMakeFiles/turtlesim__rosidl_typesupport_introspection_cpp.dir/rosidl_typesupport_introspection_cpp/turtlesim/srv/detail/kill__type_support.cpp.o\x1b[0m\n'}
[11.161360] (-) TimerEvent: {}
[11.265137] (-) TimerEvent: {}
[11.276472] (turtlesim) StdoutLine: {'line': b'[ 32%] \x1b[32mBuilding CXX object CMakeFiles/turtlesim__rosidl_typesupport_fastrtps_c.dir/rosidl_typesupport_fastrtps_c/turtlesim/srv/detail/set_pen__type_support_c.cpp.o\x1b[0m\n'}
[11.343294] (turtlesim) StdoutLine: {'line': b'[ 33%] \x1b[32mBuilding CXX object CMakeFiles/turtlesim__rosidl_typesupport_fastrtps_cpp.dir/rosidl_typesupport_fastrtps_cpp/turtlesim/srv/detail/dds_fastrtps/kill__type_support.cpp.o\x1b[0m\n'}
[11.373601] (-) TimerEvent: {}
[11.404707] (turtlesim) StdoutLine: {'line': b'[ 34%] \x1b[32mBuilding CXX object CMakeFiles/turtlesim__rosidl_typesupport_cpp.dir/rosidl_typesupport_cpp/turtlesim/srv/spawn__type_support.cpp.o\x1b[0m\n'}
[11.494325] (-) TimerEvent: {}
[11.653398] (-) TimerEvent: {}
[11.732023] (turtlesim) StdoutLine: {'line': b'[ 35%] \x1b[32mBuilding CXX object CMakeFiles/turtlesim__rosidl_typesupport_introspection_cpp.dir/rosidl_typesupport_introspection_cpp/turtlesim/srv/detail/set_pen__type_support.cpp.o\x1b[0m\n'}
[11.733497] (turtlesim) StdoutLine: {'line': b'[ 36%] \x1b[32mBuilding CXX object CMakeFiles/turtlesim__rosidl_typesupport_fastrtps_c.dir/rosidl_typesupport_fastrtps_c/turtlesim/srv/detail/spawn__type_support_c.cpp.o\x1b[0m\n'}
[11.754678] (-) TimerEvent: {}
[11.766731] (turtlesim) StdoutLine: {'line': b'[ 37%] \x1b[32mBuilding CXX object CMakeFiles/turtlesim__rosidl_typesupport_cpp.dir/rosidl_typesupport_cpp/turtlesim/srv/teleport_absolute__type_support.cpp.o\x1b[0m\n'}
[11.906514] (-) TimerEvent: {}
[11.963634] (turtlesim) StdoutLine: {'line': b'[ 38%] \x1b[32mBuilding CXX object CMakeFiles/turtlesim__rosidl_typesupport_fastrtps_cpp.dir/rosidl_typesupport_fastrtps_cpp/turtlesim/srv/detail/dds_fastrtps/set_pen__type_support.cpp.o\x1b[0m\n'}
[12.059544] (-) TimerEvent: {}
[12.138908] (turtlesim) StdoutLine: {'line': b'[ 39%] \x1b[32mBuilding CXX object CMakeFiles/turtlesim__rosidl_typesupport_cpp.dir/rosidl_typesupport_cpp/turtlesim/srv/teleport_relative__type_support.cpp.o\x1b[0m\n'}
[12.155081] (turtlesim) StdoutLine: {'line': b'[ 40%] \x1b[32mBuilding CXX object CMakeFiles/turtlesim__rosidl_typesupport_fastrtps_c.dir/rosidl_typesupport_fastrtps_c/turtlesim/srv/detail/teleport_absolute__type_support_c.cpp.o\x1b[0m\n'}
[12.168388] (-) TimerEvent: {}
[12.269858] (-) TimerEvent: {}
[12.312267] (turtlesim) StdoutLine: {'line': b'[ 41%] \x1b[32mBuilding CXX object CMakeFiles/turtlesim__rosidl_typesupport_introspection_cpp.dir/rosidl_typesupport_introspection_cpp/turtlesim/srv/detail/spawn__type_support.cpp.o\x1b[0m\n'}
[12.468025] (-) TimerEvent: {}
[12.531599] (turtlesim) StdoutLine: {'line': b'[ 42%] \x1b[32mBuilding CXX object CMakeFiles/turtlesim__rosidl_typesupport_fastrtps_cpp.dir/rosidl_typesupport_fastrtps_cpp/turtlesim/srv/detail/dds_fastrtps/spawn__type_support.cpp.o\x1b[0m\n'}
[12.565151] (turtlesim) StdoutLine: {'line': b'[ 43%] \x1b[32m\x1b[1mLinking CXX shared library libturtlesim__rosidl_typesupport_cpp.so\x1b[0m\n'}
[12.577444] (-) TimerEvent: {}
[12.623641] (turtlesim) StdoutLine: {'line': b'[ 44%] \x1b[32mBuilding CXX object CMakeFiles/turtlesim__rosidl_typesupport_fastrtps_c.dir/rosidl_typesupport_fastrtps_c/turtlesim/srv/detail/teleport_relative__type_support_c.cpp.o\x1b[0m\n'}
[12.682395] (-) TimerEvent: {}
[12.710104] (turtlesim) StdoutLine: {'line': b'[ 44%] Built target turtlesim__rosidl_typesupport_cpp\n'}
[12.734164] (turtlesim) StdoutLine: {'line': b'[ 45%] \x1b[34m\x1b[1mGenerating C introspection for ROS interfaces\x1b[0m\n'}
[12.949545] (-) TimerEvent: {}
[13.041790] (turtlesim) StdoutLine: {'line': b'[ 46%] \x1b[32mBuilding CXX object CMakeFiles/turtlesim__rosidl_typesupport_fastrtps_cpp.dir/rosidl_typesupport_fastrtps_cpp/turtlesim/srv/detail/dds_fastrtps/teleport_absolute__type_support.cpp.o\x1b[0m\n'}
[13.061101] (-) TimerEvent: {}
[13.111755] (turtlesim) StdoutLine: {'line': b'[ 47%] \x1b[32m\x1b[1mLinking CXX shared library libturtlesim__rosidl_typesupport_fastrtps_c.so\x1b[0m\n'}
[13.163552] (-) TimerEvent: {}
[13.266062] (-) TimerEvent: {}
[13.368658] (-) TimerEvent: {}
[13.377569] (turtlesim) StdoutLine: {'line': b'[ 48%] \x1b[32mBuilding CXX object CMakeFiles/turtlesim__rosidl_typesupport_introspection_cpp.dir/rosidl_typesupport_introspection_cpp/turtlesim/srv/detail/teleport_absolute__type_support.cpp.o\x1b[0m\n'}
[13.459686] (turtlesim) StdoutLine: {'line': b'[ 48%] Built target turtlesim__rosidl_typesupport_fastrtps_c\n'}
[13.469946] (-) TimerEvent: {}
[13.481556] (turtlesim) StdoutLine: {'line': b'[ 49%] \x1b[32mBuilding CXX object CMakeFiles/turtlesim__rosidl_typesupport_fastrtps_cpp.dir/rosidl_typesupport_fastrtps_cpp/turtlesim/srv/detail/dds_fastrtps/teleport_relative__type_support.cpp.o\x1b[0m\n'}
[13.482678] (turtlesim) StdoutLine: {'line': b'[ 50%] \x1b[32mBuilding CXX object CMakeFiles/turtlesim__rosidl_typesupport_introspection_cpp.dir/rosidl_typesupport_introspection_cpp/turtlesim/srv/detail/teleport_relative__type_support.cpp.o\x1b[0m\n'}
[13.584056] (-) TimerEvent: {}
[13.691837] (-) TimerEvent: {}
[13.818237] (-) TimerEvent: {}
[13.878289] (turtlesim) StdoutLine: {'line': b'[ 51%] \x1b[32m\x1b[1mLinking CXX shared library libturtlesim__rosidl_typesupport_fastrtps_cpp.so\x1b[0m\n'}
[13.918784] (-) TimerEvent: {}
[14.020557] (-) TimerEvent: {}
[14.037539] (turtlesim) StdoutLine: {'line': b'[ 52%] \x1b[34m\x1b[1mGenerating C type support dispatch for ROS interfaces\x1b[0m\n'}
[14.048611] (turtlesim) StdoutLine: {'line': b'[ 52%] Built target turtlesim__rosidl_typesupport_fastrtps_cpp\n'}
[14.097759] (turtlesim) StdoutLine: {'line': b'[ 53%] \x1b[34m\x1b[1mGenerating include/turtlesim/moc_turtle_frame.cpp\x1b[0m\n'}
[14.131591] (-) TimerEvent: {}
[14.231027] (turtlesim) StdoutLine: {'line': b'[ 54%] \x1b[32mBuilding C object CMakeFiles/turtlesim__rosidl_typesupport_introspection_c.dir/rosidl_typesupport_introspection_c/turtlesim/action/detail/rotate_absolute__type_support.c.o\x1b[0m\n'}
[14.232423] (-) TimerEvent: {}
[14.335118] (-) TimerEvent: {}
[14.355709] (turtlesim) StdoutLine: {'line': b'[ 55%] \x1b[32m\x1b[1mLinking CXX shared library libturtlesim__rosidl_typesupport_introspection_cpp.so\x1b[0m\n'}
[14.357658] (turtlesim) StdoutLine: {'line': b'[ 56%] \x1b[32mBuilding C object CMakeFiles/turtlesim__rosidl_typesupport_introspection_c.dir/rosidl_typesupport_introspection_c/turtlesim/msg/detail/color__type_support.c.o\x1b[0m\n'}
[14.413425] (turtlesim) StdoutLine: {'line': b'[ 57%] \x1b[32mBuilding CXX object CMakeFiles/turtlesim_node.dir/src/turtlesim.cpp.o\x1b[0m\n'}
[14.436496] (-) TimerEvent: {}
[14.453760] (turtlesim) StdoutLine: {'line': b'[ 58%] \x1b[32mBuilding C object CMakeFiles/turtlesim__rosidl_typesupport_introspection_c.dir/rosidl_typesupport_introspection_c/turtlesim/msg/detail/pose__type_support.c.o\x1b[0m\n'}
[14.537754] (-) TimerEvent: {}
[14.582756] (turtlesim) StdoutLine: {'line': b'[ 59%] \x1b[32mBuilding C object CMakeFiles/turtlesim__rosidl_typesupport_introspection_c.dir/rosidl_typesupport_introspection_c/turtlesim/srv/detail/kill__type_support.c.o\x1b[0m\n'}
[14.594209] (turtlesim) StdoutLine: {'line': b'[ 59%] Built target turtlesim__rosidl_typesupport_introspection_cpp\n'}
[14.656578] (-) TimerEvent: {}
[14.674873] (turtlesim) StdoutLine: {'line': b'[ 60%] \x1b[32mBuilding CXX object CMakeFiles/turtle_teleop_key.dir/tutorials/teleop_turtle_key.cpp.o\x1b[0m\n'}
[14.724436] (turtlesim) StdoutLine: {'line': b'[ 61%] \x1b[32mBuilding C object CMakeFiles/turtlesim__rosidl_typesupport_introspection_c.dir/rosidl_typesupport_introspection_c/turtlesim/srv/detail/set_pen__type_support.c.o\x1b[0m\n'}
[14.759341] (-) TimerEvent: {}
[14.875971] (-) TimerEvent: {}
[14.965280] (turtlesim) StdoutLine: {'line': b'[ 62%] \x1b[32mBuilding C object CMakeFiles/turtlesim__rosidl_typesupport_introspection_c.dir/rosidl_typesupport_introspection_c/turtlesim/srv/detail/spawn__type_support.c.o\x1b[0m\n'}
[14.983004] (-) TimerEvent: {}
[15.085880] (-) TimerEvent: {}
[15.108662] (turtlesim) StdoutLine: {'line': b'[ 63%] \x1b[32mBuilding C object CMakeFiles/turtlesim__rosidl_typesupport_introspection_c.dir/rosidl_typesupport_introspection_c/turtlesim/srv/detail/teleport_absolute__type_support.c.o\x1b[0m\n'}
[15.189565] (-) TimerEvent: {}
[15.250758] (turtlesim) StdoutLine: {'line': b'[ 64%] \x1b[32mBuilding C object CMakeFiles/turtlesim__rosidl_typesupport_introspection_c.dir/rosidl_typesupport_introspection_c/turtlesim/srv/detail/teleport_relative__type_support.c.o\x1b[0m\n'}
[15.305249] (-) TimerEvent: {}
[15.380347] (turtlesim) StdoutLine: {'line': b'[ 65%] \x1b[32m\x1b[1mLinking C shared library libturtlesim__rosidl_typesupport_introspection_c.so\x1b[0m\n'}
[15.417723] (-) TimerEvent: {}
[15.490428] (turtlesim) StdoutLine: {'line': b'[ 66%] \x1b[32mBuilding CXX object CMakeFiles/turtlesim__rosidl_typesupport_c.dir/rosidl_typesupport_c/turtlesim/action/rotate_absolute__type_support.cpp.o\x1b[0m\n'}
[15.529826] (-) TimerEvent: {}
[15.583064] (turtlesim) StdoutLine: {'line': b'[ 66%] Built target turtlesim__rosidl_typesupport_introspection_c\n'}
[15.630975] (-) TimerEvent: {}
[15.673059] (turtlesim) StdoutLine: {'line': b'[ 67%] \x1b[32mBuilding CXX object CMakeFiles/turtlesim__rosidl_typesupport_c.dir/rosidl_typesupport_c/turtlesim/msg/color__type_support.cpp.o\x1b[0m\n'}
[15.741964] (-) TimerEvent: {}
[15.758260] (turtlesim) StdoutLine: {'line': b'[ 68%] \x1b[32mBuilding CXX object CMakeFiles/turtlesim__rosidl_typesupport_c.dir/rosidl_typesupport_c/turtlesim/msg/pose__type_support.cpp.o\x1b[0m\n'}
[15.854804] (-) TimerEvent: {}
[15.855182] (turtlesim) StdoutLine: {'line': b'[ 69%] \x1b[32mBuilding CXX object CMakeFiles/turtlesim__rosidl_typesupport_c.dir/rosidl_typesupport_c/turtlesim/srv/kill__type_support.cpp.o\x1b[0m\n'}
[15.967871] (-) TimerEvent: {}
[15.979597] (turtlesim) StdoutLine: {'line': b'[ 70%] \x1b[32mBuilding CXX object CMakeFiles/turtlesim_node.dir/src/turtle.cpp.o\x1b[0m\n'}
[16.007970] (turtlesim) StdoutLine: {'line': b'[ 71%] \x1b[32mBuilding CXX object CMakeFiles/turtlesim__rosidl_typesupport_c.dir/rosidl_typesupport_c/turtlesim/srv/set_pen__type_support.cpp.o\x1b[0m\n'}
[16.081767] (-) TimerEvent: {}
[16.091484] (turtlesim) StdoutLine: {'line': b'[ 72%] \x1b[32mBuilding CXX object CMakeFiles/turtlesim__rosidl_typesupport_c.dir/rosidl_typesupport_c/turtlesim/srv/spawn__type_support.cpp.o\x1b[0m\n'}
[16.332292] (-) TimerEvent: {}
[16.477077] (-) TimerEvent: {}
[16.650044] (-) TimerEvent: {}
[16.667245] (turtlesim) StdoutLine: {'line': b'[ 73%] \x1b[32mBuilding CXX object CMakeFiles/turtlesim__rosidl_typesupport_c.dir/rosidl_typesupport_c/turtlesim/srv/teleport_absolute__type_support.cpp.o\x1b[0m\n'}
[17.647399] (-) TimerEvent: {}
[18.720340] (-) TimerEvent: {}
[18.855364] (-) TimerEvent: {}
[19.030399] (turtlesim) StdoutLine: {'line': b'[ 74%] \x1b[32mBuilding CXX object CMakeFiles/turtlesim__rosidl_typesupport_c.dir/rosidl_typesupport_c/turtlesim/srv/teleport_relative__type_support.cpp.o\x1b[0m\n'}
[19.030741] (-) TimerEvent: {}
[19.650098] (-) TimerEvent: {}
[19.958660] (-) TimerEvent: {}
[20.020169] (turtlesim) StdoutLine: {'line': b'[ 75%] \x1b[32m\x1b[1mLinking CXX shared library libturtlesim__rosidl_typesupport_c.so\x1b[0m\n'}
[20.651244] (-) TimerEvent: {}
[20.762163] (-) TimerEvent: {}
[20.895967] (-) TimerEvent: {}
[20.997754] (-) TimerEvent: {}
[21.667393] (-) TimerEvent: {}
[21.714242] (turtlesim) StdoutLine: {'line': b'[ 75%] Built target turtlesim__rosidl_typesupport_c\n'}
[22.658674] (-) TimerEvent: {}
[22.764043] (turtlesim) StdoutLine: {'line': b'[ 76%] \x1b[32mBuilding CXX object CMakeFiles/draw_square.dir/tutorials/draw_square.cpp.o\x1b[0m\n'}
[22.764648] (-) TimerEvent: {}
[22.866166] (-) TimerEvent: {}
[24.685941] (-) TimerEvent: {}
[25.664333] (-) TimerEvent: {}
[25.850922] (-) TimerEvent: {}
[26.641621] (-) TimerEvent: {}
[27.643046] (-) TimerEvent: {}
[27.743685] (-) TimerEvent: {}
[27.845064] (-) TimerEvent: {}
[28.196148] (-) TimerEvent: {}
[28.308316] (-) TimerEvent: {}
[28.430368] (-) TimerEvent: {}
[28.643068] (-) TimerEvent: {}
[29.436033] (-) TimerEvent: {}
[29.551575] (-) TimerEvent: {}
[29.653754] (-) TimerEvent: {}
[30.014361] (-) TimerEvent: {}
[30.115924] (-) TimerEvent: {}
[30.160238] (turtlesim) StdoutLine: {'line': b'[ 77%] \x1b[32m\x1b[1mLinking CXX executable turtle_teleop_key\x1b[0m\n'}
[30.221392] (-) TimerEvent: {}
[30.323148] (-) TimerEvent: {}
[30.425187] (-) TimerEvent: {}
[30.537476] (-) TimerEvent: {}
[30.646453] (-) TimerEvent: {}
[30.747204] (-) TimerEvent: {}
[30.848004] (-) TimerEvent: {}
[31.028806] (-) TimerEvent: {}
[31.043563] (turtlesim) StdoutLine: {'line': b'[ 77%] Built target turtle_teleop_key\n'}
[31.160275] (-) TimerEvent: {}
[31.267388] (-) TimerEvent: {}
[31.375865] (-) TimerEvent: {}
[31.497068] (-) TimerEvent: {}
[31.625866] (-) TimerEvent: {}
[31.737801] (-) TimerEvent: {}
[31.924734] (-) TimerEvent: {}
[32.028747] (-) TimerEvent: {}
[32.129504] (-) TimerEvent: {}
[32.230829] (-) TimerEvent: {}
[32.335494] (-) TimerEvent: {}
[32.438518] (-) TimerEvent: {}
[32.540440] (-) TimerEvent: {}
[32.649443] (-) TimerEvent: {}
[32.757898] (-) TimerEvent: {}
[32.861548] (-) TimerEvent: {}
[32.965804] (-) TimerEvent: {}
[33.140406] (-) TimerEvent: {}
[33.253569] (-) TimerEvent: {}
[33.377542] (-) TimerEvent: {}
[33.497390] (-) TimerEvent: {}
[33.598717] (-) TimerEvent: {}
[33.703420] (-) TimerEvent: {}
[33.806806] (-) TimerEvent: {}
[33.912000] (-) TimerEvent: {}
[34.013105] (-) TimerEvent: {}
[34.114732] (-) TimerEvent: {}
[34.216137] (-) TimerEvent: {}
[34.317029] (-) TimerEvent: {}
[34.420433] (-) TimerEvent: {}
[34.523028] (-) TimerEvent: {}
[34.624176] (-) TimerEvent: {}
[34.726733] (-) TimerEvent: {}
[34.831522] (-) TimerEvent: {}
[34.933928] (-) TimerEvent: {}
[35.046141] (-) TimerEvent: {}
[35.148578] (-) TimerEvent: {}
[35.255303] (-) TimerEvent: {}
[35.358863] (-) TimerEvent: {}
[35.463451] (-) TimerEvent: {}
[35.570839] (-) TimerEvent: {}
[36.246446] (-) TimerEvent: {}
[36.350026] (-) TimerEvent: {}
[36.461899] (-) TimerEvent: {}
[36.589186] (-) TimerEvent: {}
[36.743918] (-) TimerEvent: {}
[36.844493] (-) TimerEvent: {}
[36.946954] (-) TimerEvent: {}
[37.083251] (-) TimerEvent: {}
[37.192915] (-) TimerEvent: {}
[37.295425] (-) TimerEvent: {}
[37.396245] (-) TimerEvent: {}
[37.498300] (-) TimerEvent: {}
[37.600811] (-) TimerEvent: {}
[37.716421] (-) TimerEvent: {}
[37.822831] (-) TimerEvent: {}
[37.924468] (-) TimerEvent: {}
[38.033729] (-) TimerEvent: {}
[38.134551] (-) TimerEvent: {}
[38.241021] (-) TimerEvent: {}
[38.342170] (-) TimerEvent: {}
[38.444141] (-) TimerEvent: {}
[38.544678] (-) TimerEvent: {}
[38.645814] (-) TimerEvent: {}
[38.746890] (-) TimerEvent: {}
[38.847973] (-) TimerEvent: {}
[38.949548] (-) TimerEvent: {}
[39.050635] (-) TimerEvent: {}
[39.159416] (-) TimerEvent: {}
[39.264152] (-) TimerEvent: {}
[39.297161] (turtlesim) StdoutLine: {'line': b'[ 78%] \x1b[32m\x1b[1mLinking CXX executable draw_square\x1b[0m\n'}
[39.364712] (-) TimerEvent: {}
[39.466278] (-) TimerEvent: {}
[39.569395] (-) TimerEvent: {}
[39.672200] (-) TimerEvent: {}
[39.775511] (-) TimerEvent: {}
[39.878883] (-) TimerEvent: {}
[39.981822] (-) TimerEvent: {}
[40.083700] (-) TimerEvent: {}
[40.189746] (-) TimerEvent: {}
[40.292199] (-) TimerEvent: {}
[40.395556] (-) TimerEvent: {}
[40.496949] (-) TimerEvent: {}
[40.605122] (turtlesim) StdoutLine: {'line': b'[ 78%] Built target draw_square\n'}
[40.605860] (-) TimerEvent: {}
[40.708529] (-) TimerEvent: {}
[40.813854] (-) TimerEvent: {}
[40.915733] (-) TimerEvent: {}
[41.019971] (-) TimerEvent: {}
[41.126455] (-) TimerEvent: {}
[41.228542] (-) TimerEvent: {}
[41.334532] (-) TimerEvent: {}
[41.436339] (-) TimerEvent: {}
[41.537776] (-) TimerEvent: {}
[41.639596] (-) TimerEvent: {}
[41.741952] (-) TimerEvent: {}
[41.843659] (-) TimerEvent: {}
[41.954480] (-) TimerEvent: {}
[42.057729] (-) TimerEvent: {}
[42.161603] (-) TimerEvent: {}
[42.263887] (-) TimerEvent: {}
[42.361030] (turtlesim) StdoutLine: {'line': b'[ 79%] \x1b[32mBuilding CXX object CMakeFiles/turtlesim_node.dir/include/turtlesim/moc_turtle_frame.cpp.o\x1b[0m\n'}
[42.364455] (-) TimerEvent: {}
[42.470464] (-) TimerEvent: {}
[42.646928] (-) TimerEvent: {}
[43.648176] (-) TimerEvent: {}
[43.986955] (-) TimerEvent: {}
[44.649052] (-) TimerEvent: {}
[44.955752] (-) TimerEvent: {}
[45.646567] (-) TimerEvent: {}
[46.647912] (-) TimerEvent: {}
[46.752953] (-) TimerEvent: {}
[46.857994] (-) TimerEvent: {}
[46.960214] (-) TimerEvent: {}
[47.061833] (-) TimerEvent: {}
[47.078995] (turtlesim) StdoutLine: {'line': b'[ 80%] \x1b[32mBuilding CXX object CMakeFiles/turtlesim_node.dir/src/turtle_frame.cpp.o\x1b[0m\n'}
[47.162008] (-) TimerEvent: {}
[47.265605] (-) TimerEvent: {}
[47.370138] (-) TimerEvent: {}
[47.484142] (-) TimerEvent: {}
[47.596946] (-) TimerEvent: {}
[47.697450] (-) TimerEvent: {}
[47.802855] (-) TimerEvent: {}
[47.904072] (-) TimerEvent: {}
[48.008824] (-) TimerEvent: {}
[48.109530] (-) TimerEvent: {}
[48.212514] (-) TimerEvent: {}
[48.316605] (-) TimerEvent: {}
[48.422944] (-) TimerEvent: {}
[48.525749] (-) TimerEvent: {}
[48.626606] (-) TimerEvent: {}
[48.727389] (-) TimerEvent: {}
[48.830933] (-) TimerEvent: {}
[48.936596] (-) TimerEvent: {}
[49.037780] (-) TimerEvent: {}
[49.141400] (-) TimerEvent: {}
[49.654180] (-) TimerEvent: {}
[49.755316] (-) TimerEvent: {}
[50.648123] (-) TimerEvent: {}
[51.643809] (-) TimerEvent: {}
[52.646605] (-) TimerEvent: {}
[53.643242] (-) TimerEvent: {}
[54.639895] (-) TimerEvent: {}
[55.206080] (-) TimerEvent: {}
[55.645483] (-) TimerEvent: {}
[56.643058] (-) TimerEvent: {}
[57.647568] (-) TimerEvent: {}
[57.764923] (-) TimerEvent: {}
[58.138866] (-) TimerEvent: {}
[58.256624] (-) TimerEvent: {}
[58.645410] (-) TimerEvent: {}
[58.894108] (-) TimerEvent: {}
[58.996865] (-) TimerEvent: {}
[59.032827] (turtlesim) StdoutLine: {'line': b'[ 81%] \x1b[32m\x1b[1mLinking CXX executable turtlesim_node\x1b[0m\n'}
[59.109001] (-) TimerEvent: {}
[59.210568] (-) TimerEvent: {}
[59.311622] (-) TimerEvent: {}
[59.416445] (-) TimerEvent: {}
[59.520475] (-) TimerEvent: {}
[59.621904] (-) TimerEvent: {}
[59.724567] (-) TimerEvent: {}
[59.841493] (-) TimerEvent: {}
[59.958350] (-) TimerEvent: {}
[60.061612] (-) TimerEvent: {}
[60.163252] (-) TimerEvent: {}
[60.265371] (-) TimerEvent: {}
[60.366717] (-) TimerEvent: {}
[60.469410] (-) TimerEvent: {}
[60.570794] (-) TimerEvent: {}
[60.676433] (-) TimerEvent: {}
[60.777676] (-) TimerEvent: {}
[60.886013] (-) TimerEvent: {}
[60.988291] (-) TimerEvent: {}
[61.092803] (-) TimerEvent: {}
[61.201758] (-) TimerEvent: {}
[61.325708] (-) TimerEvent: {}
[61.431041] (-) TimerEvent: {}
[61.540132] (-) TimerEvent: {}
[61.641297] (-) TimerEvent: {}
[61.742809] (-) TimerEvent: {}
[61.844322] (-) TimerEvent: {}
[61.947332] (-) TimerEvent: {}
[62.048079] (-) TimerEvent: {}
[62.154018] (-) TimerEvent: {}
[62.257417] (-) TimerEvent: {}
[62.364525] (-) TimerEvent: {}
[62.466292] (-) TimerEvent: {}
[62.567687] (-) TimerEvent: {}
[62.669115] (-) TimerEvent: {}
[62.782821] (-) TimerEvent: {}
[62.886597] (-) TimerEvent: {}
[63.009849] (-) TimerEvent: {}
[63.139215] (-) TimerEvent: {}
[63.240227] (-) TimerEvent: {}
[63.341132] (-) TimerEvent: {}
[63.441873] (-) TimerEvent: {}
[63.542538] (-) TimerEvent: {}
[63.643965] (-) TimerEvent: {}
[63.745235] (-) TimerEvent: {}
[63.847602] (-) TimerEvent: {}
[63.948239] (-) TimerEvent: {}
[64.050019] (-) TimerEvent: {}
[64.153046] (-) TimerEvent: {}
[64.237764] (turtlesim) StdoutLine: {'line': b'[ 81%] Built target turtlesim_node\n'}
[64.253287] (-) TimerEvent: {}
[64.327747] (turtlesim) StdoutLine: {'line': b'[ 81%] Built target turtlesim\n'}
[64.354054] (-) TimerEvent: {}
[64.390697] (turtlesim) StdoutLine: {'line': b'[ 82%] \x1b[32mBuilding CXX object CMakeFiles/mimic.dir/tutorials/mimic.cpp.o\x1b[0m\n'}
[64.454799] (-) TimerEvent: {}
[64.557622] (-) TimerEvent: {}
[64.663523] (-) TimerEvent: {}
[64.765830] (-) TimerEvent: {}
[64.868045] (-) TimerEvent: {}
[64.981323] (-) TimerEvent: {}
[65.084379] (-) TimerEvent: {}
[65.186436] (-) TimerEvent: {}
[65.287967] (-) TimerEvent: {}
[65.389497] (-) TimerEvent: {}
[65.490717] (-) TimerEvent: {}
[65.593741] (-) TimerEvent: {}
[65.695831] (-) TimerEvent: {}
[65.801463] (-) TimerEvent: {}
[65.902883] (-) TimerEvent: {}
[66.007379] (-) TimerEvent: {}
[66.115447] (-) TimerEvent: {}
[66.237247] (-) TimerEvent: {}
[66.345774] (-) TimerEvent: {}
[66.455561] (-) TimerEvent: {}
[66.556367] (-) TimerEvent: {}
[66.661196] (-) TimerEvent: {}
[66.762643] (-) TimerEvent: {}
[66.866304] (-) TimerEvent: {}
[66.971603] (-) TimerEvent: {}
[67.073408] (-) TimerEvent: {}
[67.175613] (-) TimerEvent: {}
[67.276610] (-) TimerEvent: {}
[67.385067] (-) TimerEvent: {}
[67.487788] (-) TimerEvent: {}
[67.590382] (-) TimerEvent: {}
[67.693114] (-) TimerEvent: {}
[67.794504] (-) TimerEvent: {}
[67.896763] (-) TimerEvent: {}
[67.998433] (-) TimerEvent: {}
[68.099690] (-) TimerEvent: {}
[68.200966] (-) TimerEvent: {}
[68.312038] (-) TimerEvent: {}
[68.435324] (-) TimerEvent: {}
[68.536121] (-) TimerEvent: {}
[68.636918] (-) TimerEvent: {}
[68.741833] (-) TimerEvent: {}
[68.853360] (-) TimerEvent: {}
[68.954734] (-) TimerEvent: {}
[69.056249] (-) TimerEvent: {}
[69.157962] (-) TimerEvent: {}
[69.275761] (-) TimerEvent: {}
[69.381320] (-) TimerEvent: {}
[69.483933] (-) TimerEvent: {}
[69.585720] (-) TimerEvent: {}
[69.686545] (-) TimerEvent: {}
[69.794120] (-) TimerEvent: {}
[69.897521] (-) TimerEvent: {}
[69.998455] (-) TimerEvent: {}
[70.099216] (-) TimerEvent: {}
[70.201679] (-) TimerEvent: {}
[70.306265] (-) TimerEvent: {}
[70.412623] (-) TimerEvent: {}
[70.513805] (-) TimerEvent: {}
[70.616495] (-) TimerEvent: {}
[70.717485] (-) TimerEvent: {}
[70.821421] (-) TimerEvent: {}
[70.928840] (-) TimerEvent: {}
[71.029804] (-) TimerEvent: {}
[71.132316] (-) TimerEvent: {}
[71.236150] (-) TimerEvent: {}
[71.340075] (-) TimerEvent: {}
[71.444854] (-) TimerEvent: {}
[71.563059] (-) TimerEvent: {}
[71.664174] (-) TimerEvent: {}
[71.769535] (-) TimerEvent: {}
[71.870791] (-) TimerEvent: {}
[71.975649] (-) TimerEvent: {}
[72.076880] (-) TimerEvent: {}
[72.182788] (-) TimerEvent: {}
[72.311452] (-) TimerEvent: {}
[72.420401] (-) TimerEvent: {}
[72.536943] (-) TimerEvent: {}
[72.638267] (-) TimerEvent: {}
[72.741785] (-) TimerEvent: {}
[72.844430] (-) TimerEvent: {}
[72.947133] (-) TimerEvent: {}
[73.048843] (-) TimerEvent: {}
[73.151812] (-) TimerEvent: {}
[73.252698] (-) TimerEvent: {}
[73.360884] (-) TimerEvent: {}
[73.463738] (-) TimerEvent: {}
[73.565750] (-) TimerEvent: {}
[73.670102] (-) TimerEvent: {}
[73.772559] (-) TimerEvent: {}
[73.876387] (-) TimerEvent: {}
[73.978636] (-) TimerEvent: {}
[74.080198] (-) TimerEvent: {}
[74.182086] (-) TimerEvent: {}
[74.284486] (-) TimerEvent: {}
[74.385803] (-) TimerEvent: {}
[74.487570] (-) TimerEvent: {}
[74.589780] (-) TimerEvent: {}
[74.692931] (-) TimerEvent: {}
[74.793605] (-) TimerEvent: {}
[74.895059] (-) TimerEvent: {}
[74.997467] (-) TimerEvent: {}
[75.098631] (-) TimerEvent: {}
[75.200078] (-) TimerEvent: {}
[75.304157] (-) TimerEvent: {}
[75.405217] (-) TimerEvent: {}
[75.506757] (-) TimerEvent: {}
[75.608281] (-) TimerEvent: {}
[75.711609] (-) TimerEvent: {}
[75.812785] (-) TimerEvent: {}
[75.914831] (-) TimerEvent: {}
[76.017823] (-) TimerEvent: {}
[76.118846] (-) TimerEvent: {}
[76.220973] (-) TimerEvent: {}
[76.322044] (-) TimerEvent: {}
[76.424357] (-) TimerEvent: {}
[76.525668] (-) TimerEvent: {}
[76.626760] (-) TimerEvent: {}
[76.961100] (-) TimerEvent: {}
[77.062974] (-) TimerEvent: {}
[77.088693] (turtlesim) StdoutLine: {'line': b'[ 83%] \x1b[32m\x1b[1mLinking CXX executable mimic\x1b[0m\n'}
[77.163790] (-) TimerEvent: {}
[77.283593] (-) TimerEvent: {}
[77.565480] (-) TimerEvent: {}
[77.668642] (-) TimerEvent: {}
[77.678400] (turtlesim) StdoutLine: {'line': b'[ 83%] Built target mimic\n'}
[77.756071] (turtlesim) StdoutLine: {'line': b'[ 84%] \x1b[34m\x1b[1mGenerating Python code for ROS interfaces\x1b[0m\n'}
[77.772963] (-) TimerEvent: {}
[77.874351] (-) TimerEvent: {}
[77.975433] (-) TimerEvent: {}
[78.075990] (-) TimerEvent: {}
[78.177374] (-) TimerEvent: {}
[78.278865] (-) TimerEvent: {}
[78.379671] (-) TimerEvent: {}
[78.483688] (-) TimerEvent: {}
[78.587026] (-) TimerEvent: {}
[78.690193] (-) TimerEvent: {}
[78.792989] (-) TimerEvent: {}
[78.894913] (-) TimerEvent: {}
[79.006343] (-) TimerEvent: {}
[79.108492] (-) TimerEvent: {}
[79.232594] (-) TimerEvent: {}
[79.349198] (-) TimerEvent: {}
[79.455037] (-) TimerEvent: {}
[79.557421] (-) TimerEvent: {}
[79.660446] (-) TimerEvent: {}
[79.761545] (-) TimerEvent: {}
[79.866628] (-) TimerEvent: {}
[79.967805] (-) TimerEvent: {}
[80.075622] (-) TimerEvent: {}
[80.176896] (-) TimerEvent: {}
[80.279644] (-) TimerEvent: {}
[80.387692] (-) TimerEvent: {}
[80.490919] (-) TimerEvent: {}
[80.514141] (turtlesim) StdoutLine: {'line': b'[ 84%] Built target turtlesim__py\n'}
[80.592530] (turtlesim) StdoutLine: {'line': b'[ 85%] \x1b[32mBuilding C object CMakeFiles/turtlesim__rosidl_generator_py.dir/rosidl_generator_py/turtlesim/action/_rotate_absolute_s.c.o\x1b[0m\n'}
[80.592882] (-) TimerEvent: {}
[80.699627] (-) TimerEvent: {}
[80.803204] (-) TimerEvent: {}
[80.907770] (-) TimerEvent: {}
[81.012158] (-) TimerEvent: {}
[81.113777] (-) TimerEvent: {}
[81.154539] (turtlesim) StdoutLine: {'line': b'[ 86%] \x1b[32mBuilding C object CMakeFiles/turtlesim__rosidl_generator_py.dir/rosidl_generator_py/turtlesim/srv/_kill_s.c.o\x1b[0m\n'}
[81.214422] (-) TimerEvent: {}
[81.317370] (-) TimerEvent: {}
[81.364143] (turtlesim) StdoutLine: {'line': b'[ 87%] \x1b[32mBuilding C object CMakeFiles/turtlesim__rosidl_generator_py.dir/rosidl_generator_py/turtlesim/srv/_set_pen_s.c.o\x1b[0m\n'}
[81.419596] (-) TimerEvent: {}
[81.536424] (turtlesim) StdoutLine: {'line': b'[ 88%] \x1b[32mBuilding C object CMakeFiles/turtlesim__rosidl_generator_py.dir/rosidl_generator_py/turtlesim/srv/_spawn_s.c.o\x1b[0m\n'}
[81.536810] (-) TimerEvent: {}
[81.638589] (-) TimerEvent: {}
[81.745323] (-) TimerEvent: {}
[81.746946] (turtlesim) StdoutLine: {'line': b'[ 89%] \x1b[32mBuilding C object CMakeFiles/turtlesim__rosidl_generator_py.dir/rosidl_generator_py/turtlesim/srv/_teleport_absolute_s.c.o\x1b[0m\n'}
[81.849516] (-) TimerEvent: {}
[81.952907] (-) TimerEvent: {}
[81.953431] (turtlesim) StdoutLine: {'line': b'[ 90%] \x1b[32mBuilding C object CMakeFiles/turtlesim__rosidl_generator_py.dir/rosidl_generator_py/turtlesim/srv/_teleport_relative_s.c.o\x1b[0m\n'}
[82.072860] (-) TimerEvent: {}
[82.166202] (turtlesim) StdoutLine: {'line': b'[ 91%] \x1b[32mBuilding C object CMakeFiles/turtlesim__rosidl_generator_py.dir/rosidl_generator_py/turtlesim/msg/_pose_s.c.o\x1b[0m\n'}
[82.174275] (-) TimerEvent: {}
[82.277603] (-) TimerEvent: {}
[82.383598] (-) TimerEvent: {}
[82.415130] (turtlesim) StdoutLine: {'line': b'[ 92%] \x1b[32mBuilding C object CMakeFiles/turtlesim__rosidl_generator_py.dir/rosidl_generator_py/turtlesim/msg/_color_s.c.o\x1b[0m\n'}
[82.489734] (-) TimerEvent: {}
[82.590938] (-) TimerEvent: {}
[82.592633] (turtlesim) StdoutLine: {'line': b'[ 93%] \x1b[32m\x1b[1mLinking C shared library rosidl_generator_py/turtlesim/libturtlesim__rosidl_generator_py.so\x1b[0m\n'}
[82.691540] (-) TimerEvent: {}
[82.702008] (turtlesim) StdoutLine: {'line': b'[ 93%] Built target turtlesim__rosidl_generator_py\n'}
[82.780269] (turtlesim) StdoutLine: {'line': b'[ 94%] \x1b[32mBuilding C object CMakeFiles/turtlesim__rosidl_typesupport_fastrtps_c__pyext.dir/rosidl_generator_py/turtlesim/_turtlesim_s.ep.rosidl_typesupport_fastrtps_c.c.o\x1b[0m\n'}
[82.798939] (-) TimerEvent: {}
[82.906978] (-) TimerEvent: {}
[83.010388] (-) TimerEvent: {}
[83.039697] (turtlesim) StdoutLine: {'line': b'[ 95%] \x1b[32m\x1b[1mLinking C shared library rosidl_generator_py/turtlesim/turtlesim_s__rosidl_typesupport_fastrtps_c.cpython-310-x86_64-linux-gnu.so\x1b[0m\n'}
[83.110999] (-) TimerEvent: {}
[83.146973] (turtlesim) StdoutLine: {'line': b'[ 95%] Built target turtlesim__rosidl_typesupport_fastrtps_c__pyext\n'}
[83.216081] (-) TimerEvent: {}
[83.244874] (turtlesim) StdoutLine: {'line': b'[ 96%] \x1b[32mBuilding C object CMakeFiles/turtlesim__rosidl_typesupport_c__pyext.dir/rosidl_generator_py/turtlesim/_turtlesim_s.ep.rosidl_typesupport_c.c.o\x1b[0m\n'}
[83.319841] (-) TimerEvent: {}
[83.420664] (-) TimerEvent: {}
[83.522481] (-) TimerEvent: {}
[83.538572] (turtlesim) StdoutLine: {'line': b'[ 97%] \x1b[32m\x1b[1mLinking C shared library rosidl_generator_py/turtlesim/turtlesim_s__rosidl_typesupport_c.cpython-310-x86_64-linux-gnu.so\x1b[0m\n'}
[83.625970] (-) TimerEvent: {}
[83.674095] (turtlesim) StdoutLine: {'line': b'[ 97%] Built target turtlesim__rosidl_typesupport_c__pyext\n'}
[83.726554] (-) TimerEvent: {}
[83.734588] (turtlesim) StdoutLine: {'line': b'[ 98%] \x1b[32mBuilding C object CMakeFiles/turtlesim__rosidl_typesupport_introspection_c__pyext.dir/rosidl_generator_py/turtlesim/_turtlesim_s.ep.rosidl_typesupport_introspection_c.c.o\x1b[0m\n'}
[83.827599] (-) TimerEvent: {}
[83.934543] (-) TimerEvent: {}
[83.990905] (turtlesim) StdoutLine: {'line': b'[100%] \x1b[32m\x1b[1mLinking C shared library rosidl_generator_py/turtlesim/turtlesim_s__rosidl_typesupport_introspection_c.cpython-310-x86_64-linux-gnu.so\x1b[0m\n'}
[84.039364] (-) TimerEvent: {}
[84.100881] (turtlesim) StdoutLine: {'line': b'[100%] Built target turtlesim__rosidl_typesupport_introspection_c__pyext\n'}
[84.142401] (-) TimerEvent: {}
[84.262457] (turtlesim) CommandEnded: {'returncode': 0}
[84.289283] (-) TimerEvent: {}
[84.319672] (turtlesim) JobProgress: {'identifier': 'turtlesim', 'progress': 'install'}
[84.376175] (turtlesim) Command: {'cmd': ['/usr/bin/cmake', '--install', '/home/skpro/Desktop/Robotics Learning/ros2_ws/build/turtlesim'], 'cwd': '/home/skpro/Desktop/Robotics Learning/ros2_ws/build/turtlesim', 'env': OrderedDict([('GJS_DEBUG_TOPICS', 'JS ERROR;JS LOG'), ('LESSOPEN', '| /usr/bin/lesspipe %s'), ('LANGUAGE', 'en_IN:en'), ('USER', 'skpro'), ('FONTCONFIG_PATH', '/etc/fonts'), ('GIO_MODULE_DIR', '/home/skpro/snap/code/common/.cache/gio-modules'), ('XDG_SESSION_TYPE', 'wayland'), ('GIT_ASKPASS', '/snap/code/205/usr/share/code/resources/app/extensions/git/dist/askpass.sh'), ('GTK_EXE_PREFIX_VSCODE_SNAP_ORIG', ''), ('GDK_BACKEND_VSCODE_SNAP_ORIG', ''), ('SHLVL', '1'), ('LD_LIBRARY_PATH', '/opt/ros/humble/opt/rviz_ogre_vendor/lib:/opt/ros/humble/lib/x86_64-linux-gnu:/opt/ros/humble/lib'), ('HOME', '/home/skpro'), ('CHROME_DESKTOP', 'code.desktop'), ('LOCPATH_VSCODE_SNAP_ORIG', ''), ('OLDPWD', '/home/skpro/Desktop/Robotics Learning'), ('TERM_PROGRAM_VERSION', '1.103.2'), ('DESKTOP_SESSION', 'ubuntu'), ('GTK_PATH', '/snap/code/205/usr/lib/x86_64-linux-gnu/gtk-3.0'), ('XDG_DATA_HOME_VSCODE_SNAP_ORIG', ''), ('GTK_IM_MODULE_FILE', '/home/skpro/snap/code/common/.cache/immodules/immodules.cache'), ('GIO_LAUNCHED_DESKTOP_FILE', '/var/lib/snapd/desktop/applications/code_code.desktop'), ('ROS_PYTHON_VERSION', '3'), ('GNOME_SHELL_SESSION_MODE', 'ubuntu'), ('GTK_MODULES', 'gail:atk-bridge'), ('GSETTINGS_SCHEMA_DIR_VSCODE_SNAP_ORIG', ''), ('VSCODE_GIT_ASKPASS_MAIN', '/snap/code/205/usr/share/code/resources/app/extensions/git/dist/askpass-main.js'), ('VSCODE_GIT_ASKPASS_NODE', '/snap/code/205/usr/share/code/code'), ('MANAGERPID', '2292'), ('SYSTEMD_EXEC_PID', '2460'), ('IM_CONFIG_CHECK_ENV', '1'), ('DBUS_SESSION_BUS_ADDRESS', 'unix:path=/run/user/1000/bus'), ('COLORTERM', 'truecolor'), ('GIO_LAUNCHED_DESKTOP_FILE_PID', '5864'), ('IM_CONFIG_PHASE', '1'), ('WAYLAND_DISPLAY', 'wayland-0'), ('ROS_DISTRO', 'humble'), ('LOGNAME', 'skpro'), ('JOURNAL_STREAM', '8:11670'), ('_', '/usr/bin/colcon'), ('ROS_VERSION', '2'), ('XDG_CONFIG_DIRS_VSCODE_SNAP_ORIG', '/etc/xdg/xdg-ubuntu:/etc/xdg'), ('XDG_SESSION_CLASS', 'user'), ('XDG_DATA_DIRS_VSCODE_SNAP_ORIG', '/usr/share/ubuntu:/usr/local/share/:/usr/share/:/var/lib/snapd/desktop'), ('USERNAME', 'skpro'), ('TERM', 'xterm-256color'), ('GNOME_DESKTOP_SESSION_ID', 'this-is-deprecated'), ('ROS_LOCALHOST_ONLY', '0'), ('PATH', '/opt/ros/humble/bin:/usr/local/sbin:/usr/local/bin:/usr/sbin:/usr/bin:/sbin:/bin:/usr/games:/usr/local/games:/snap/bin:/snap/bin'), ('SESSION_MANAGER', 'local/skpro-VirtualBox:@/tmp/.ICE-unix/2427,unix/skpro-VirtualBox:/tmp/.ICE-unix/2427'), ('GTK_EXE_PREFIX', '/snap/code/205/usr'), ('INVOCATION_ID', '5dea0b470d5546f8954710cbb69ec3c7'), ('XDG_MENU_PREFIX', 'gnome-'), ('BAMF_DESKTOP_FILE_HINT', '/var/lib/snapd/desktop/applications/code_code.desktop'), ('GNOME_SETUP_DISPLAY', ':1'), ('XDG_RUNTIME_DIR', '/run/user/1000'), ('GDK_BACKEND', 'x11'), ('DISPLAY', ':0'), ('LOCPATH', '/snap/code/205/usr/lib/locale'), ('LANG', 'en_US.UTF-8'), ('XDG_CURRENT_DESKTOP', 'Unity'), ('GIO_MODULE_DIR_VSCODE_SNAP_ORIG', ''), ('XDG_DATA_HOME', '/home/skpro/snap/code/205/.local/share'), ('XMODIFIERS', '@im=ibus'), ('XDG_SESSION_DESKTOP', 'ubuntu'), ('XAUTHORITY', '/run/user/1000/.mutter-Xwaylandauth.69J4B3'), ('LS_COLORS', 'rs=0:di=01;34:ln=01;36:mh=00:pi=40;33:so=01;35:do=01;35:bd=40;33;01:cd=40;33;01:or=40;31;01:mi=00:su=37;41:sg=30;43:ca=30;41:tw=30;42:ow=34;42:st=37;44:ex=01;32:*.tar=01;31:*.tgz=01;31:*.arc=01;31:*.arj=01;31:*.taz=01;31:*.lha=01;31:*.lz4=01;31:*.lzh=01;31:*.lzma=01;31:*.tlz=01;31:*.txz=01;31:*.tzo=01;31:*.t7z=01;31:*.zip=01;31:*.z=01;31:*.dz=01;31:*.gz=01;31:*.lrz=01;31:*.lz=01;31:*.lzo=01;31:*.xz=01;31:*.zst=01;31:*.tzst=01;31:*.bz2=01;31:*.bz=01;31:*.tbz=01;31:*.tbz2=01;31:*.tz=01;31:*.deb=01;31:*.rpm=01;31:*.jar=01;31:*.war=01;31:*.ear=01;31:*.sar=01;31:*.rar=01;31:*.alz=01;31:*.ace=01;31:*.zoo=01;31:*.cpio=01;31:*.7z=01;31:*.rz=01;31:*.cab=01;31:*.wim=01;31:*.swm=01;31:*.dwm=01;31:*.esd=01;31:*.jpg=01;35:*.jpeg=01;35:*.mjpg=01;35:*.mjpeg=01;35:*.gif=01;35:*.bmp=01;35:*.pbm=01;35:*.pgm=01;35:*.ppm=01;35:*.tga=01;35:*.xbm=01;35:*.xpm=01;35:*.tif=01;35:*.tiff=01;35:*.png=01;35:*.svg=01;35:*.svgz=01;35:*.mng=01;35:*.pcx=01;35:*.mov=01;35:*.mpg=01;35:*.mpeg=01;35:*.m2v=01;35:*.mkv=01;35:*.webm=01;35:*.webp=01;35:*.ogm=01;35:*.mp4=01;35:*.m4v=01;35:*.mp4v=01;35:*.vob=01;35:*.qt=01;35:*.nuv=01;35:*.wmv=01;35:*.asf=01;35:*.rm=01;35:*.rmvb=01;35:*.flc=01;35:*.avi=01;35:*.fli=01;35:*.flv=01;35:*.gl=01;35:*.dl=01;35:*.xcf=01;35:*.xwd=01;35:*.yuv=01;35:*.cgm=01;35:*.emf=01;35:*.ogv=01;35:*.ogx=01;35:*.aac=00;36:*.au=00;36:*.flac=00;36:*.m4a=00;36:*.mid=00;36:*.midi=00;36:*.mka=00;36:*.mp3=00;36:*.mpc=00;36:*.ogg=00;36:*.ra=00;36:*.wav=00;36:*.oga=00;36:*.opus=00;36:*.spx=00;36:*.xspf=00;36:'), ('VSCODE_GIT_IPC_HANDLE', '/run/user/1000/vscode-git-0affc95138.sock'), ('TERM_PROGRAM', 'vscode'), ('SSH_AGENT_LAUNCHER', 'gnome-keyring'), ('SSH_AUTH_SOCK', '/run/user/1000/keyring/ssh'), ('GSETTINGS_SCHEMA_DIR', '/home/skpro/snap/code/205/.local/share/glib-2.0/schemas'), ('AMENT_PREFIX_PATH', '/opt/ros/humble'), ('ORIGINAL_XDG_CURRENT_DESKTOP', 'ubuntu:GNOME'), ('SHELL', '/bin/bash'), ('QT_ACCESSIBILITY', '1'), ('GDMSESSION', 'ubuntu'), ('LESSCLOSE', '/usr/bin/lesspipe %s %s'), ('GTK_PATH_VSCODE_SNAP_ORIG', ''), ('FONTCONFIG_FILE', '/etc/fonts/fonts.conf'), ('GTK_IM_MODULE_FILE_VSCODE_SNAP_ORIG', ''), ('GJS_DEBUG_OUTPUT', 'stderr'), ('VSCODE_GIT_ASKPASS_EXTRA_ARGS', ''), ('QT_IM_MODULE', 'ibus'), ('PWD', '/home/skpro/Desktop/Robotics Learning/ros2_ws/build/turtlesim'), ('LC_ALL', 'en_US.UTF-8'), ('XDG_CONFIG_DIRS', '/etc/xdg/xdg-ubuntu:/etc/xdg'), ('XDG_DATA_DIRS', '/home/skpro/snap/code/205/.local/share:/home/skpro/snap/code/205:/snap/code/205/usr/share:/usr/share/ubuntu:/usr/local/share/:/usr/share/:/var/lib/snapd/desktop'), ('PYTHONPATH', '/opt/ros/humble/lib/python3.10/site-packages:/opt/ros/humble/local/lib/python3.10/dist-packages'), ('COLCON', '1'), ('CMAKE_PREFIX_PATH', '/opt/ros/humble')]), 'shell': False}
[84.393293] (-) TimerEvent: {}
[84.402045] (turtlesim) StdoutLine: {'line': b'-- Install configuration: ""\n'}
[84.402478] (turtlesim) StdoutLine: {'line': b'-- Installing: /home/skpro/Desktop/Robotics Learning/ros2_ws/install/turtlesim/share/ament_index/resource_index/rosidl_interfaces/turtlesim\n'}
[84.403646] (turtlesim) StdoutLine: {'line': b'-- Installing: /home/skpro/Desktop/Robotics Learning/ros2_ws/install/turtlesim/include/turtlesim/turtlesim\n'}
[84.405783] (turtlesim) StdoutLine: {'line': b'-- Installing: /home/skpro/Desktop/Robotics Learning/ros2_ws/install/turtlesim/include/turtlesim/turtlesim/msg\n'}
[84.406090] (turtlesim) StdoutLine: {'line': b'-- Installing: /home/skpro/Desktop/Robotics Learning/ros2_ws/install/turtlesim/include/turtlesim/turtlesim/msg/rosidl_generator_c__visibility_control.h\n'}
[84.406181] (turtlesim) StdoutLine: {'line': b'-- Installing: /home/skpro/Desktop/Robotics Learning/ros2_ws/install/turtlesim/include/turtlesim/turtlesim/msg/pose.h\n'}
[84.406253] (turtlesim) StdoutLine: {'line': b'-- Installing: /home/skpro/Desktop/Robotics Learning/ros2_ws/install/turtlesim/include/turtlesim/turtlesim/msg/detail\n'}
[84.406319] (turtlesim) StdoutLine: {'line': b'-- Installing: /home/skpro/Desktop/Robotics Learning/ros2_ws/install/turtlesim/include/turtlesim/turtlesim/msg/detail/color__functions.c\n'}
[84.406386] (turtlesim) StdoutLine: {'line': b'-- Installing: /home/skpro/Desktop/Robotics Learning/ros2_ws/install/turtlesim/include/turtlesim/turtlesim/msg/detail/pose__functions.c\n'}
[84.406464] (turtlesim) StdoutLine: {'line': b'-- Installing: /home/skpro/Desktop/Robotics Learning/ros2_ws/install/turtlesim/include/turtlesim/turtlesim/msg/detail/color__functions.h\n'}
[84.406530] (turtlesim) StdoutLine: {'line': b'-- Installing: /home/skpro/Desktop/Robotics Learning/ros2_ws/install/turtlesim/include/turtlesim/turtlesim/msg/detail/pose__type_support.h\n'}
[84.406668] (turtlesim) StdoutLine: {'line': b'-- Installing: /home/skpro/Desktop/Robotics Learning/ros2_ws/install/turtlesim/include/turtlesim/turtlesim/msg/detail/pose__struct.h\n'}
[84.406864] (turtlesim) StdoutLine: {'line': b'-- Installing: /home/skpro/Desktop/Robotics Learning/ros2_ws/install/turtlesim/include/turtlesim/turtlesim/msg/detail/color__struct.h\n'}
[84.407012] (turtlesim) StdoutLine: {'line': b'-- Installing: /home/skpro/Desktop/Robotics Learning/ros2_ws/install/turtlesim/include/turtlesim/turtlesim/msg/detail/color__type_support.h\n'}
[84.407391] (turtlesim) StdoutLine: {'line': b'-- Installing: /home/skpro/Desktop/Robotics Learning/ros2_ws/install/turtlesim/include/turtlesim/turtlesim/msg/detail/pose__functions.h\n'}
[84.407579] (turtlesim) StdoutLine: {'line': b'-- Installing: /home/skpro/Desktop/Robotics Learning/ros2_ws/install/turtlesim/include/turtlesim/turtlesim/msg/color.h\n'}
[84.407796] (turtlesim) StdoutLine: {'line': b'-- Installing: /home/skpro/Desktop/Robotics Learning/ros2_ws/install/turtlesim/include/turtlesim/turtlesim/srv\n'}
[84.407901] (turtlesim) StdoutLine: {'line': b'-- Installing: /home/skpro/Desktop/Robotics Learning/ros2_ws/install/turtlesim/include/turtlesim/turtlesim/srv/kill.h\n'}
[84.407967] (turtlesim) StdoutLine: {'line': b'-- Installing: /home/skpro/Desktop/Robotics Learning/ros2_ws/install/turtlesim/include/turtlesim/turtlesim/srv/teleport_relative.h\n'}
[84.408058] (turtlesim) StdoutLine: {'line': b'-- Installing: /home/skpro/Desktop/Robotics Learning/ros2_ws/install/turtlesim/include/turtlesim/turtlesim/srv/spawn.h\n'}
[84.408122] (turtlesim) StdoutLine: {'line': b'-- Installing: /home/skpro/Desktop/Robotics Learning/ros2_ws/install/turtlesim/include/turtlesim/turtlesim/srv/teleport_absolute.h\n'}
[84.416027] (turtlesim) StdoutLine: {'line': b'-- Installing: /home/skpro/Desktop/Robotics Learning/ros2_ws/install/turtlesim/include/turtlesim/turtlesim/srv/detail\n'}
[84.416262] (turtlesim) StdoutLine: {'line': b'-- Installing: /home/skpro/Desktop/Robotics Learning/ros2_ws/install/turtlesim/include/turtlesim/turtlesim/srv/detail/teleport_absolute__type_support.h\n'}
[84.416343] (turtlesim) StdoutLine: {'line': b'-- Installing: /home/skpro/Desktop/Robotics Learning/ros2_ws/install/turtlesim/include/turtlesim/turtlesim/srv/detail/kill__functions.c\n'}
[84.416413] (turtlesim) StdoutLine: {'line': b'-- Installing: /home/skpro/Desktop/Robotics Learning/ros2_ws/install/turtlesim/include/turtlesim/turtlesim/srv/detail/kill__struct.h\n'}
[84.416477] (turtlesim) StdoutLine: {'line': b'-- Installing: /home/skpro/Desktop/Robotics Learning/ros2_ws/install/turtlesim/include/turtlesim/turtlesim/srv/detail/teleport_absolute__functions.c\n'}
[84.416555] (turtlesim) StdoutLine: {'line': b'-- Installing: /home/skpro/Desktop/Robotics Learning/ros2_ws/install/turtlesim/include/turtlesim/turtlesim/srv/detail/teleport_absolute__struct.h\n'}
[84.416620] (turtlesim) StdoutLine: {'line': b'-- Installing: /home/skpro/Desktop/Robotics Learning/ros2_ws/install/turtlesim/include/turtlesim/turtlesim/srv/detail/set_pen__struct.h\n'}
[84.416683] (turtlesim) StdoutLine: {'line': b'-- Installing: /home/skpro/Desktop/Robotics Learning/ros2_ws/install/turtlesim/include/turtlesim/turtlesim/srv/detail/spawn__struct.h\n'}
[84.416745] (turtlesim) StdoutLine: {'line': b'-- Installing: /home/skpro/Desktop/Robotics Learning/ros2_ws/install/turtlesim/include/turtlesim/turtlesim/srv/detail/teleport_relative__type_support.h\n'}
[84.416809] (turtlesim) StdoutLine: {'line': b'-- Installing: /home/skpro/Desktop/Robotics Learning/ros2_ws/install/turtlesim/include/turtlesim/turtlesim/srv/detail/teleport_relative__functions.c\n'}
[84.416878] (turtlesim) StdoutLine: {'line': b'-- Installing: /home/skpro/Desktop/Robotics Learning/ros2_ws/install/turtlesim/include/turtlesim/turtlesim/srv/detail/teleport_relative__struct.h\n'}
[84.416938] (turtlesim) StdoutLine: {'line': b'-- Installing: /home/skpro/Desktop/Robotics Learning/ros2_ws/install/turtlesim/include/turtlesim/turtlesim/srv/detail/set_pen__functions.c\n'}
[84.416999] (turtlesim) StdoutLine: {'line': b'-- Installing: /home/skpro/Desktop/Robotics Learning/ros2_ws/install/turtlesim/include/turtlesim/turtlesim/srv/detail/spawn__functions.h\n'}
[84.417061] (turtlesim) StdoutLine: {'line': b'-- Installing: /home/skpro/Desktop/Robotics Learning/ros2_ws/install/turtlesim/include/turtlesim/turtlesim/srv/detail/spawn__type_support.h\n'}
[84.434928] (turtlesim) StdoutLine: {'line': b'-- Installing: /home/skpro/Desktop/Robotics Learning/ros2_ws/install/turtlesim/include/turtlesim/turtlesim/srv/detail/set_pen__type_support.h\n'}
[84.435316] (turtlesim) StdoutLine: {'line': b'-- Installing: /home/skpro/Desktop/Robotics Learning/ros2_ws/install/turtlesim/include/turtlesim/turtlesim/srv/detail/teleport_absolute__functions.h\n'}
[84.435402] (turtlesim) StdoutLine: {'line': b'-- Installing: /home/skpro/Desktop/Robotics Learning/ros2_ws/install/turtlesim/include/turtlesim/turtlesim/srv/detail/spawn__functions.c\n'}
[84.435470] (turtlesim) StdoutLine: {'line': b'-- Installing: /home/skpro/Desktop/Robotics Learning/ros2_ws/install/turtlesim/include/turtlesim/turtlesim/srv/detail/teleport_relative__functions.h\n'}
[84.435533] (turtlesim) StdoutLine: {'line': b'-- Installing: /home/skpro/Desktop/Robotics Learning/ros2_ws/install/turtlesim/include/turtlesim/turtlesim/srv/detail/kill__functions.h\n'}
[84.435596] (turtlesim) StdoutLine: {'line': b'-- Installing: /home/skpro/Desktop/Robotics Learning/ros2_ws/install/turtlesim/include/turtlesim/turtlesim/srv/detail/kill__type_support.h\n'}
[84.435659] (turtlesim) StdoutLine: {'line': b'-- Installing: /home/skpro/Desktop/Robotics Learning/ros2_ws/install/turtlesim/include/turtlesim/turtlesim/srv/detail/set_pen__functions.h\n'}
[84.436391] (turtlesim) StdoutLine: {'line': b'-- Installing: /home/skpro/Desktop/Robotics Learning/ros2_ws/install/turtlesim/include/turtlesim/turtlesim/srv/set_pen.h\n'}
[84.436547] (turtlesim) StdoutLine: {'line': b'-- Installing: /home/skpro/Desktop/Robotics Learning/ros2_ws/install/turtlesim/include/turtlesim/turtlesim/action\n'}
[84.436612] (turtlesim) StdoutLine: {'line': b'-- Installing: /home/skpro/Desktop/Robotics Learning/ros2_ws/install/turtlesim/include/turtlesim/turtlesim/action/rotate_absolute.h\n'}
[84.436677] (turtlesim) StdoutLine: {'line': b'-- Installing: /home/skpro/Desktop/Robotics Learning/ros2_ws/install/turtlesim/include/turtlesim/turtlesim/action/detail\n'}
[84.436741] (turtlesim) StdoutLine: {'line': b'-- Installing: /home/skpro/Desktop/Robotics Learning/ros2_ws/install/turtlesim/include/turtlesim/turtlesim/action/detail/rotate_absolute__struct.h\n'}
[84.436803] (turtlesim) StdoutLine: {'line': b'-- Installing: /home/skpro/Desktop/Robotics Learning/ros2_ws/install/turtlesim/include/turtlesim/turtlesim/action/detail/rotate_absolute__functions.c\n'}
[84.436866] (turtlesim) StdoutLine: {'line': b'-- Installing: /home/skpro/Desktop/Robotics Learning/ros2_ws/install/turtlesim/include/turtlesim/turtlesim/action/detail/rotate_absolute__functions.h\n'}
[84.436950] (turtlesim) StdoutLine: {'line': b'-- Installing: /home/skpro/Desktop/Robotics Learning/ros2_ws/install/turtlesim/include/turtlesim/turtlesim/action/detail/rotate_absolute__type_support.h\n'}
[84.437014] (turtlesim) StdoutLine: {'line': b'-- Installing: /home/skpro/Desktop/Robotics Learning/ros2_ws/install/turtlesim/share/turtlesim/environment/library_path.sh\n'}
[84.437079] (turtlesim) StdoutLine: {'line': b'-- Installing: /home/skpro/Desktop/Robotics Learning/ros2_ws/install/turtlesim/share/turtlesim/environment/library_path.dsv\n'}
[84.437143] (turtlesim) StdoutLine: {'line': b'-- Installing: /home/skpro/Desktop/Robotics Learning/ros2_ws/install/turtlesim/lib/libturtlesim__rosidl_generator_c.so\n'}
[84.437220] (turtlesim) StdoutLine: {'line': b'-- Set runtime path of "/home/skpro/Desktop/Robotics Learning/ros2_ws/install/turtlesim/lib/libturtlesim__rosidl_generator_c.so" to ""\n'}
[84.437283] (turtlesim) StdoutLine: {'line': b'-- Up-to-date: /home/skpro/Desktop/Robotics Learning/ros2_ws/install/turtlesim/include/turtlesim/turtlesim\n'}
[84.437346] (turtlesim) StdoutLine: {'line': b'-- Up-to-date: /home/skpro/Desktop/Robotics Learning/ros2_ws/install/turtlesim/include/turtlesim/turtlesim/msg\n'}
[84.437408] (turtlesim) StdoutLine: {'line': b'-- Installing: /home/skpro/Desktop/Robotics Learning/ros2_ws/install/turtlesim/include/turtlesim/turtlesim/msg/rosidl_typesupport_fastrtps_c__visibility_control.h\n'}
[84.437473] (turtlesim) StdoutLine: {'line': b'-- Up-to-date: /home/skpro/Desktop/Robotics Learning/ros2_ws/install/turtlesim/include/turtlesim/turtlesim/msg/detail\n'}
[84.437588] (turtlesim) StdoutLine: {'line': b'-- Installing: /home/skpro/Desktop/Robotics Learning/ros2_ws/install/turtlesim/include/turtlesim/turtlesim/msg/detail/pose__rosidl_typesupport_fastrtps_c.h\n'}
[84.437665] (turtlesim) StdoutLine: {'line': b'-- Installing: /home/skpro/Desktop/Robotics Learning/ros2_ws/install/turtlesim/include/turtlesim/turtlesim/msg/detail/color__rosidl_typesupport_fastrtps_c.h\n'}
[84.437729] (turtlesim) StdoutLine: {'line': b'-- Up-to-date: /home/skpro/Desktop/Robotics Learning/ros2_ws/install/turtlesim/include/turtlesim/turtlesim/srv\n'}
[84.437792] (turtlesim) StdoutLine: {'line': b'-- Up-to-date: /home/skpro/Desktop/Robotics Learning/ros2_ws/install/turtlesim/include/turtlesim/turtlesim/srv/detail\n'}
[84.437854] (turtlesim) StdoutLine: {'line': b'-- Installing: /home/skpro/Desktop/Robotics Learning/ros2_ws/install/turtlesim/include/turtlesim/turtlesim/srv/detail/set_pen__rosidl_typesupport_fastrtps_c.h\n'}
[84.437917] (turtlesim) StdoutLine: {'line': b'-- Installing: /home/skpro/Desktop/Robotics Learning/ros2_ws/install/turtlesim/include/turtlesim/turtlesim/srv/detail/teleport_relative__rosidl_typesupport_fastrtps_c.h\n'}
[84.445356] (turtlesim) StdoutLine: {'line': b'-- Installing: /home/skpro/Desktop/Robotics Learning/ros2_ws/install/turtlesim/include/turtlesim/turtlesim/srv/detail/spawn__rosidl_typesupport_fastrtps_c.h\n'}
[84.445561] (turtlesim) StdoutLine: {'line': b'-- Installing: /home/skpro/Desktop/Robotics Learning/ros2_ws/install/turtlesim/include/turtlesim/turtlesim/srv/detail/kill__rosidl_typesupport_fastrtps_c.h\n'}
[84.445617] (turtlesim) StdoutLine: {'line': b'-- Installing: /home/skpro/Desktop/Robotics Learning/ros2_ws/install/turtlesim/include/turtlesim/turtlesim/srv/detail/teleport_absolute__rosidl_typesupport_fastrtps_c.h\n'}
[84.445674] (turtlesim) StdoutLine: {'line': b'-- Up-to-date: /home/skpro/Desktop/Robotics Learning/ros2_ws/install/turtlesim/include/turtlesim/turtlesim/action\n'}
[84.445727] (turtlesim) StdoutLine: {'line': b'-- Up-to-date: /home/skpro/Desktop/Robotics Learning/ros2_ws/install/turtlesim/include/turtlesim/turtlesim/action/detail\n'}
[84.445781] (turtlesim) StdoutLine: {'line': b'-- Installing: /home/skpro/Desktop/Robotics Learning/ros2_ws/install/turtlesim/include/turtlesim/turtlesim/action/detail/rotate_absolute__rosidl_typesupport_fastrtps_c.h\n'}
[84.446916] (turtlesim) StdoutLine: {'line': b'-- Installing: /home/skpro/Desktop/Robotics Learning/ros2_ws/install/turtlesim/lib/libturtlesim__rosidl_typesupport_fastrtps_c.so\n'}
[84.447026] (turtlesim) StdoutLine: {'line': b'-- Set runtime path of "/home/skpro/Desktop/Robotics Learning/ros2_ws/install/turtlesim/lib/libturtlesim__rosidl_typesupport_fastrtps_c.so" to ""\n'}
[84.447083] (turtlesim) StdoutLine: {'line': b'-- Up-to-date: /home/skpro/Desktop/Robotics Learning/ros2_ws/install/turtlesim/include/turtlesim/turtlesim\n'}
[84.447137] (turtlesim) StdoutLine: {'line': b'-- Up-to-date: /home/skpro/Desktop/Robotics Learning/ros2_ws/install/turtlesim/include/turtlesim/turtlesim/msg\n'}
[84.447212] (turtlesim) StdoutLine: {'line': b'-- Installing: /home/skpro/Desktop/Robotics Learning/ros2_ws/install/turtlesim/include/turtlesim/turtlesim/msg/pose.hpp\n'}
[84.447277] (turtlesim) StdoutLine: {'line': b'-- Installing: /home/skpro/Desktop/Robotics Learning/ros2_ws/install/turtlesim/include/turtlesim/turtlesim/msg/rosidl_generator_cpp__visibility_control.hpp\n'}
[84.447329] (turtlesim) StdoutLine: {'line': b'-- Installing: /home/skpro/Desktop/Robotics Learning/ros2_ws/install/turtlesim/include/turtlesim/turtlesim/msg/color.hpp\n'}
[84.447382] (turtlesim) StdoutLine: {'line': b'-- Up-to-date: /home/skpro/Desktop/Robotics Learning/ros2_ws/install/turtlesim/include/turtlesim/turtlesim/msg/detail\n'}
[84.447435] (turtlesim) StdoutLine: {'line': b'-- Installing: /home/skpro/Desktop/Robotics Learning/ros2_ws/install/turtlesim/include/turtlesim/turtlesim/msg/detail/pose__struct.hpp\n'}
[84.448393] (turtlesim) StdoutLine: {'line': b'-- Installing: /home/skpro/Desktop/Robotics Learning/ros2_ws/install/turtlesim/include/turtlesim/turtlesim/msg/detail/pose__builder.hpp\n'}
[84.448715] (turtlesim) StdoutLine: {'line': b'-- Installing: /home/skpro/Desktop/Robotics Learning/ros2_ws/install/turtlesim/include/turtlesim/turtlesim/msg/detail/pose__type_support.hpp\n'}
[84.448825] (turtlesim) StdoutLine: {'line': b'-- Installing: /home/skpro/Desktop/Robotics Learning/ros2_ws/install/turtlesim/include/turtlesim/turtlesim/msg/detail/color__type_support.hpp\n'}
[84.449139] (turtlesim) StdoutLine: {'line': b'-- Installing: /home/skpro/Desktop/Robotics Learning/ros2_ws/install/turtlesim/include/turtlesim/turtlesim/msg/detail/color__traits.hpp\n'}
[84.449224] (turtlesim) StdoutLine: {'line': b'-- Installing: /home/skpro/Desktop/Robotics Learning/ros2_ws/install/turtlesim/include/turtlesim/turtlesim/msg/detail/color__builder.hpp\n'}
[84.449279] (turtlesim) StdoutLine: {'line': b'-- Installing: /home/skpro/Desktop/Robotics Learning/ros2_ws/install/turtlesim/include/turtlesim/turtlesim/msg/detail/pose__traits.hpp\n'}
[84.449334] (turtlesim) StdoutLine: {'line': b'-- Installing: /home/skpro/Desktop/Robotics Learning/ros2_ws/install/turtlesim/include/turtlesim/turtlesim/msg/detail/color__struct.hpp\n'}
[84.449389] (turtlesim) StdoutLine: {'line': b'-- Up-to-date: /home/skpro/Desktop/Robotics Learning/ros2_ws/install/turtlesim/include/turtlesim/turtlesim/srv\n'}
[84.449963] (turtlesim) StdoutLine: {'line': b'-- Installing: /home/skpro/Desktop/Robotics Learning/ros2_ws/install/turtlesim/include/turtlesim/turtlesim/srv/set_pen.hpp\n'}
[84.450022] (turtlesim) StdoutLine: {'line': b'-- Installing: /home/skpro/Desktop/Robotics Learning/ros2_ws/install/turtlesim/include/turtlesim/turtlesim/srv/kill.hpp\n'}
[84.450196] (turtlesim) StdoutLine: {'line': b'-- Installing: /home/skpro/Desktop/Robotics Learning/ros2_ws/install/turtlesim/include/turtlesim/turtlesim/srv/teleport_absolute.hpp\n'}
[84.450445] (turtlesim) StdoutLine: {'line': b'-- Installing: /home/skpro/Desktop/Robotics Learning/ros2_ws/install/turtlesim/include/turtlesim/turtlesim/srv/teleport_relative.hpp\n'}
[84.450537] (turtlesim) StdoutLine: {'line': b'-- Up-to-date: /home/skpro/Desktop/Robotics Learning/ros2_ws/install/turtlesim/include/turtlesim/turtlesim/srv/detail\n'}
[84.450593] (turtlesim) StdoutLine: {'line': b'-- Installing: /home/skpro/Desktop/Robotics Learning/ros2_ws/install/turtlesim/include/turtlesim/turtlesim/srv/detail/set_pen__type_support.hpp\n'}
[84.450648] (turtlesim) StdoutLine: {'line': b'-- Installing: /home/skpro/Desktop/Robotics Learning/ros2_ws/install/turtlesim/include/turtlesim/turtlesim/srv/detail/set_pen__struct.hpp\n'}
[84.450701] (turtlesim) StdoutLine: {'line': b'-- Installing: /home/skpro/Desktop/Robotics Learning/ros2_ws/install/turtlesim/include/turtlesim/turtlesim/srv/detail/teleport_absolute__struct.hpp\n'}
[84.451006] (turtlesim) StdoutLine: {'line': b'-- Installing: /home/skpro/Desktop/Robotics Learning/ros2_ws/install/turtlesim/include/turtlesim/turtlesim/srv/detail/spawn__type_support.hpp\n'}
[84.451103] (turtlesim) StdoutLine: {'line': b'-- Installing: /home/skpro/Desktop/Robotics Learning/ros2_ws/install/turtlesim/include/turtlesim/turtlesim/srv/detail/kill__traits.hpp\n'}
[84.451230] (turtlesim) StdoutLine: {'line': b'-- Installing: /home/skpro/Desktop/Robotics Learning/ros2_ws/install/turtlesim/include/turtlesim/turtlesim/srv/detail/spawn__builder.hpp\n'}
[84.451287] (turtlesim) StdoutLine: {'line': b'-- Installing: /home/skpro/Desktop/Robotics Learning/ros2_ws/install/turtlesim/include/turtlesim/turtlesim/srv/detail/spawn__traits.hpp\n'}
[84.451343] (turtlesim) StdoutLine: {'line': b'-- Installing: /home/skpro/Desktop/Robotics Learning/ros2_ws/install/turtlesim/include/turtlesim/turtlesim/srv/detail/teleport_relative__type_support.hpp\n'}
[84.451397] (turtlesim) StdoutLine: {'line': b'-- Installing: /home/skpro/Desktop/Robotics Learning/ros2_ws/install/turtlesim/include/turtlesim/turtlesim/srv/detail/teleport_relative__traits.hpp\n'}
[84.451451] (turtlesim) StdoutLine: {'line': b'-- Installing: /home/skpro/Desktop/Robotics Learning/ros2_ws/install/turtlesim/include/turtlesim/turtlesim/srv/detail/set_pen__traits.hpp\n'}
[84.451508] (turtlesim) StdoutLine: {'line': b'-- Installing: /home/skpro/Desktop/Robotics Learning/ros2_ws/install/turtlesim/include/turtlesim/turtlesim/srv/detail/teleport_relative__builder.hpp\n'}
[84.451563] (turtlesim) StdoutLine: {'line': b'-- Installing: /home/skpro/Desktop/Robotics Learning/ros2_ws/install/turtlesim/include/turtlesim/turtlesim/srv/detail/teleport_absolute__builder.hpp\n'}
[84.451616] (turtlesim) StdoutLine: {'line': b'-- Installing: /home/skpro/Desktop/Robotics Learning/ros2_ws/install/turtlesim/include/turtlesim/turtlesim/srv/detail/teleport_relative__struct.hpp\n'}
[84.451668] (turtlesim) StdoutLine: {'line': b'-- Installing: /home/skpro/Desktop/Robotics Learning/ros2_ws/install/turtlesim/include/turtlesim/turtlesim/srv/detail/teleport_absolute__type_support.hpp\n'}
[84.451722] (turtlesim) StdoutLine: {'line': b'-- Installing: /home/skpro/Desktop/Robotics Learning/ros2_ws/install/turtlesim/include/turtlesim/turtlesim/srv/detail/kill__builder.hpp\n'}
[84.451907] (turtlesim) StdoutLine: {'line': b'-- Installing: /home/skpro/Desktop/Robotics Learning/ros2_ws/install/turtlesim/include/turtlesim/turtlesim/srv/detail/kill__type_support.hpp\n'}
[84.451967] (turtlesim) StdoutLine: {'line': b'-- Installing: /home/skpro/Desktop/Robotics Learning/ros2_ws/install/turtlesim/include/turtlesim/turtlesim/srv/detail/set_pen__builder.hpp\n'}
[84.454306] (turtlesim) StdoutLine: {'line': b'-- Installing: /home/skpro/Desktop/Robotics Learning/ros2_ws/install/turtlesim/include/turtlesim/turtlesim/srv/detail/spawn__struct.hpp\n'}
[84.454531] (turtlesim) StdoutLine: {'line': b'-- Installing: /home/skpro/Desktop/Robotics Learning/ros2_ws/install/turtlesim/include/turtlesim/turtlesim/srv/detail/teleport_absolute__traits.hpp\n'}
[84.454592] (turtlesim) StdoutLine: {'line': b'-- Installing: /home/skpro/Desktop/Robotics Learning/ros2_ws/install/turtlesim/include/turtlesim/turtlesim/srv/detail/kill__struct.hpp\n'}
[84.454765] (turtlesim) StdoutLine: {'line': b'-- Installing: /home/skpro/Desktop/Robotics Learning/ros2_ws/install/turtlesim/include/turtlesim/turtlesim/srv/spawn.hpp\n'}
[84.454937] (turtlesim) StdoutLine: {'line': b'-- Up-to-date: /home/skpro/Desktop/Robotics Learning/ros2_ws/install/turtlesim/include/turtlesim/turtlesim/action\n'}
[84.454996] (turtlesim) StdoutLine: {'line': b'-- Installing: /home/skpro/Desktop/Robotics Learning/ros2_ws/install/turtlesim/include/turtlesim/turtlesim/action/rotate_absolute.hpp\n'}
[84.455050] (turtlesim) StdoutLine: {'line': b'-- Up-to-date: /home/skpro/Desktop/Robotics Learning/ros2_ws/install/turtlesim/include/turtlesim/turtlesim/action/detail\n'}
[84.455104] (turtlesim) StdoutLine: {'line': b'-- Installing: /home/skpro/Desktop/Robotics Learning/ros2_ws/install/turtlesim/include/turtlesim/turtlesim/action/detail/rotate_absolute__builder.hpp\n'}
[84.455159] (turtlesim) StdoutLine: {'line': b'-- Installing: /home/skpro/Desktop/Robotics Learning/ros2_ws/install/turtlesim/include/turtlesim/turtlesim/action/detail/rotate_absolute__struct.hpp\n'}
[84.455271] (turtlesim) StdoutLine: {'line': b'-- Installing: /home/skpro/Desktop/Robotics Learning/ros2_ws/install/turtlesim/include/turtlesim/turtlesim/action/detail/rotate_absolute__type_support.hpp\n'}
[84.455326] (turtlesim) StdoutLine: {'line': b'-- Installing: /home/skpro/Desktop/Robotics Learning/ros2_ws/install/turtlesim/include/turtlesim/turtlesim/action/detail/rotate_absolute__traits.hpp\n'}
[84.455402] (turtlesim) StdoutLine: {'line': b'-- Up-to-date: /home/skpro/Desktop/Robotics Learning/ros2_ws/install/turtlesim/include/turtlesim/turtlesim\n'}
[84.455568] (turtlesim) StdoutLine: {'line': b'-- Up-to-date: /home/skpro/Desktop/Robotics Learning/ros2_ws/install/turtlesim/include/turtlesim/turtlesim/msg\n'}
[84.455662] (turtlesim) StdoutLine: {'line': b'-- Installing: /home/skpro/Desktop/Robotics Learning/ros2_ws/install/turtlesim/include/turtlesim/turtlesim/msg/rosidl_typesupport_fastrtps_cpp__visibility_control.h\n'}
[84.455835] (turtlesim) StdoutLine: {'line': b'-- Up-to-date: /home/skpro/Desktop/Robotics Learning/ros2_ws/install/turtlesim/include/turtlesim/turtlesim/msg/detail\n'}
[84.456087] (turtlesim) StdoutLine: {'line': b'-- Installing: /home/skpro/Desktop/Robotics Learning/ros2_ws/install/turtlesim/include/turtlesim/turtlesim/msg/detail/pose__rosidl_typesupport_fastrtps_cpp.hpp\n'}
[84.456192] (turtlesim) StdoutLine: {'line': b'-- Installing: /home/skpro/Desktop/Robotics Learning/ros2_ws/install/turtlesim/include/turtlesim/turtlesim/msg/detail/dds_fastrtps\n'}
[84.456250] (turtlesim) StdoutLine: {'line': b'-- Installing: /home/skpro/Desktop/Robotics Learning/ros2_ws/install/turtlesim/include/turtlesim/turtlesim/msg/detail/color__rosidl_typesupport_fastrtps_cpp.hpp\n'}
[84.456306] (turtlesim) StdoutLine: {'line': b'-- Up-to-date: /home/skpro/Desktop/Robotics Learning/ros2_ws/install/turtlesim/include/turtlesim/turtlesim/srv\n'}
[84.456359] (turtlesim) StdoutLine: {'line': b'-- Up-to-date: /home/skpro/Desktop/Robotics Learning/ros2_ws/install/turtlesim/include/turtlesim/turtlesim/srv/detail\n'}
[84.456540] (turtlesim) StdoutLine: {'line': b'-- Installing: /home/skpro/Desktop/Robotics Learning/ros2_ws/install/turtlesim/include/turtlesim/turtlesim/srv/detail/set_pen__rosidl_typesupport_fastrtps_cpp.hpp\n'}
[84.456600] (turtlesim) StdoutLine: {'line': b'-- Installing: /home/skpro/Desktop/Robotics Learning/ros2_ws/install/turtlesim/include/turtlesim/turtlesim/srv/detail/teleport_absolute__rosidl_typesupport_fastrtps_cpp.hpp\n'}
[84.456657] (turtlesim) StdoutLine: {'line': b'-- Installing: /home/skpro/Desktop/Robotics Learning/ros2_ws/install/turtlesim/include/turtlesim/turtlesim/srv/detail/teleport_relative__rosidl_typesupport_fastrtps_cpp.hpp\n'}
[84.456712] (turtlesim) StdoutLine: {'line': b'-- Installing: /home/skpro/Desktop/Robotics Learning/ros2_ws/install/turtlesim/include/turtlesim/turtlesim/srv/detail/dds_fastrtps\n'}
[84.456895] (turtlesim) StdoutLine: {'line': b'-- Installing: /home/skpro/Desktop/Robotics Learning/ros2_ws/install/turtlesim/include/turtlesim/turtlesim/srv/detail/spawn__rosidl_typesupport_fastrtps_cpp.hpp\n'}
[84.456960] (turtlesim) StdoutLine: {'line': b'-- Installing: /home/skpro/Desktop/Robotics Learning/ros2_ws/install/turtlesim/include/turtlesim/turtlesim/srv/detail/kill__rosidl_typesupport_fastrtps_cpp.hpp\n'}
[84.457018] (turtlesim) StdoutLine: {'line': b'-- Up-to-date: /home/skpro/Desktop/Robotics Learning/ros2_ws/install/turtlesim/include/turtlesim/turtlesim/action\n'}
[84.457238] (turtlesim) StdoutLine: {'line': b'-- Up-to-date: /home/skpro/Desktop/Robotics Learning/ros2_ws/install/turtlesim/include/turtlesim/turtlesim/action/detail\n'}
[84.457308] (turtlesim) StdoutLine: {'line': b'-- Installing: /home/skpro/Desktop/Robotics Learning/ros2_ws/install/turtlesim/include/turtlesim/turtlesim/action/detail/dds_fastrtps\n'}
[84.457426] (turtlesim) StdoutLine: {'line': b'-- Installing: /home/skpro/Desktop/Robotics Learning/ros2_ws/install/turtlesim/include/turtlesim/turtlesim/action/detail/rotate_absolute__rosidl_typesupport_fastrtps_cpp.hpp\n'}
[84.457625] (turtlesim) StdoutLine: {'line': b'-- Installing: /home/skpro/Desktop/Robotics Learning/ros2_ws/install/turtlesim/lib/libturtlesim__rosidl_typesupport_fastrtps_cpp.so\n'}
[84.457898] (turtlesim) StdoutLine: {'line': b'-- Set runtime path of "/home/skpro/Desktop/Robotics Learning/ros2_ws/install/turtlesim/lib/libturtlesim__rosidl_typesupport_fastrtps_cpp.so" to ""\n'}
[84.458085] (turtlesim) StdoutLine: {'line': b'-- Up-to-date: /home/skpro/Desktop/Robotics Learning/ros2_ws/install/turtlesim/include/turtlesim/turtlesim\n'}
[84.458170] (turtlesim) StdoutLine: {'line': b'-- Up-to-date: /home/skpro/Desktop/Robotics Learning/ros2_ws/install/turtlesim/include/turtlesim/turtlesim/msg\n'}
[84.458379] (turtlesim) StdoutLine: {'line': b'-- Up-to-date: /home/skpro/Desktop/Robotics Learning/ros2_ws/install/turtlesim/include/turtlesim/turtlesim/msg/detail\n'}
[84.458456] (turtlesim) StdoutLine: {'line': b'-- Installing: /home/skpro/Desktop/Robotics Learning/ros2_ws/install/turtlesim/include/turtlesim/turtlesim/msg/detail/color__rosidl_typesupport_introspection_c.h\n'}
[84.458523] (turtlesim) StdoutLine: {'line': b'-- Installing: /home/skpro/Desktop/Robotics Learning/ros2_ws/install/turtlesim/include/turtlesim/turtlesim/msg/detail/color__type_support.c\n'}
[84.458587] (turtlesim) StdoutLine: {'line': b'-- Installing: /home/skpro/Desktop/Robotics Learning/ros2_ws/install/turtlesim/include/turtlesim/turtlesim/msg/detail/pose__type_support.c\n'}
[84.458651] (turtlesim) StdoutLine: {'line': b'-- Installing: /home/skpro/Desktop/Robotics Learning/ros2_ws/install/turtlesim/include/turtlesim/turtlesim/msg/detail/pose__rosidl_typesupport_introspection_c.h\n'}
[84.458717] (turtlesim) StdoutLine: {'line': b'-- Installing: /home/skpro/Desktop/Robotics Learning/ros2_ws/install/turtlesim/include/turtlesim/turtlesim/msg/rosidl_typesupport_introspection_c__visibility_control.h\n'}
[84.458783] (turtlesim) StdoutLine: {'line': b'-- Up-to-date: /home/skpro/Desktop/Robotics Learning/ros2_ws/install/turtlesim/include/turtlesim/turtlesim/srv\n'}
[84.458856] (turtlesim) StdoutLine: {'line': b'-- Up-to-date: /home/skpro/Desktop/Robotics Learning/ros2_ws/install/turtlesim/include/turtlesim/turtlesim/srv/detail\n'}
[84.458922] (turtlesim) StdoutLine: {'line': b'-- Installing: /home/skpro/Desktop/Robotics Learning/ros2_ws/install/turtlesim/include/turtlesim/turtlesim/srv/detail/set_pen__rosidl_typesupport_introspection_c.h\n'}
[84.458993] (turtlesim) StdoutLine: {'line': b'-- Installing: /home/skpro/Desktop/Robotics Learning/ros2_ws/install/turtlesim/include/turtlesim/turtlesim/srv/detail/teleport_absolute__rosidl_typesupport_introspection_c.h\n'}
[84.459063] (turtlesim) StdoutLine: {'line': b'-- Installing: /home/skpro/Desktop/Robotics Learning/ros2_ws/install/turtlesim/include/turtlesim/turtlesim/srv/detail/teleport_relative__type_support.c\n'}
[84.459128] (turtlesim) StdoutLine: {'line': b'-- Installing: /home/skpro/Desktop/Robotics Learning/ros2_ws/install/turtlesim/include/turtlesim/turtlesim/srv/detail/set_pen__type_support.c\n'}
[84.459190] (turtlesim) StdoutLine: {'line': b'-- Installing: /home/skpro/Desktop/Robotics Learning/ros2_ws/install/turtlesim/include/turtlesim/turtlesim/srv/detail/kill__type_support.c\n'}
[84.459250] (turtlesim) StdoutLine: {'line': b'-- Installing: /home/skpro/Desktop/Robotics Learning/ros2_ws/install/turtlesim/include/turtlesim/turtlesim/srv/detail/kill__rosidl_typesupport_introspection_c.h\n'}
[84.459310] (turtlesim) StdoutLine: {'line': b'-- Installing: /home/skpro/Desktop/Robotics Learning/ros2_ws/install/turtlesim/include/turtlesim/turtlesim/srv/detail/spawn__type_support.c\n'}
[84.459521] (turtlesim) StdoutLine: {'line': b'-- Installing: /home/skpro/Desktop/Robotics Learning/ros2_ws/install/turtlesim/include/turtlesim/turtlesim/srv/detail/teleport_absolute__type_support.c\n'}
[84.459586] (turtlesim) StdoutLine: {'line': b'-- Installing: /home/skpro/Desktop/Robotics Learning/ros2_ws/install/turtlesim/include/turtlesim/turtlesim/srv/detail/spawn__rosidl_typesupport_introspection_c.h\n'}
[84.459642] (turtlesim) StdoutLine: {'line': b'-- Installing: /home/skpro/Desktop/Robotics Learning/ros2_ws/install/turtlesim/include/turtlesim/turtlesim/srv/detail/teleport_relative__rosidl_typesupport_introspection_c.h\n'}
[84.459998] (turtlesim) StdoutLine: {'line': b'-- Up-to-date: /home/skpro/Desktop/Robotics Learning/ros2_ws/install/turtlesim/include/turtlesim/turtlesim/action\n'}
[84.460198] (turtlesim) StdoutLine: {'line': b'-- Up-to-date: /home/skpro/Desktop/Robotics Learning/ros2_ws/install/turtlesim/include/turtlesim/turtlesim/action/detail\n'}
[84.460439] (turtlesim) StdoutLine: {'line': b'-- Installing: /home/skpro/Desktop/Robotics Learning/ros2_ws/install/turtlesim/include/turtlesim/turtlesim/action/detail/rotate_absolute__rosidl_typesupport_introspection_c.h\n'}
[84.460507] (turtlesim) StdoutLine: {'line': b'-- Installing: /home/skpro/Desktop/Robotics Learning/ros2_ws/install/turtlesim/include/turtlesim/turtlesim/action/detail/rotate_absolute__type_support.c\n'}
[84.460561] (turtlesim) StdoutLine: {'line': b'-- Installing: /home/skpro/Desktop/Robotics Learning/ros2_ws/install/turtlesim/lib/libturtlesim__rosidl_typesupport_introspection_c.so\n'}
[84.460843] (turtlesim) StdoutLine: {'line': b'-- Set runtime path of "/home/skpro/Desktop/Robotics Learning/ros2_ws/install/turtlesim/lib/libturtlesim__rosidl_typesupport_introspection_c.so" to ""\n'}
[84.460906] (turtlesim) StdoutLine: {'line': b'-- Installing: /home/skpro/Desktop/Robotics Learning/ros2_ws/install/turtlesim/lib/libturtlesim__rosidl_typesupport_c.so\n'}
[84.460961] (turtlesim) StdoutLine: {'line': b'-- Set runtime path of "/home/skpro/Desktop/Robotics Learning/ros2_ws/install/turtlesim/lib/libturtlesim__rosidl_typesupport_c.so" to ""\n'}
[84.461015] (turtlesim) StdoutLine: {'line': b'-- Up-to-date: /home/skpro/Desktop/Robotics Learning/ros2_ws/install/turtlesim/include/turtlesim/turtlesim\n'}
[84.461069] (turtlesim) StdoutLine: {'line': b'-- Up-to-date: /home/skpro/Desktop/Robotics Learning/ros2_ws/install/turtlesim/include/turtlesim/turtlesim/msg\n'}
[84.461121] (turtlesim) StdoutLine: {'line': b'-- Up-to-date: /home/skpro/Desktop/Robotics Learning/ros2_ws/install/turtlesim/include/turtlesim/turtlesim/msg/detail\n'}
[84.461174] (turtlesim) StdoutLine: {'line': b'-- Installing: /home/skpro/Desktop/Robotics Learning/ros2_ws/install/turtlesim/include/turtlesim/turtlesim/msg/detail/color__type_support.cpp\n'}
[84.461226] (turtlesim) StdoutLine: {'line': b'-- Installing: /home/skpro/Desktop/Robotics Learning/ros2_ws/install/turtlesim/include/turtlesim/turtlesim/msg/detail/pose__type_support.cpp\n'}
[84.461278] (turtlesim) StdoutLine: {'line': b'-- Installing: /home/skpro/Desktop/Robotics Learning/ros2_ws/install/turtlesim/include/turtlesim/turtlesim/msg/detail/pose__rosidl_typesupport_introspection_cpp.hpp\n'}
[84.461330] (turtlesim) StdoutLine: {'line': b'-- Installing: /home/skpro/Desktop/Robotics Learning/ros2_ws/install/turtlesim/include/turtlesim/turtlesim/msg/detail/color__rosidl_typesupport_introspection_cpp.hpp\n'}
[84.461383] (turtlesim) StdoutLine: {'line': b'-- Up-to-date: /home/skpro/Desktop/Robotics Learning/ros2_ws/install/turtlesim/include/turtlesim/turtlesim/srv\n'}
[84.461434] (turtlesim) StdoutLine: {'line': b'-- Up-to-date: /home/skpro/Desktop/Robotics Learning/ros2_ws/install/turtlesim/include/turtlesim/turtlesim/srv/detail\n'}
[84.461621] (turtlesim) StdoutLine: {'line': b'-- Installing: /home/skpro/Desktop/Robotics Learning/ros2_ws/install/turtlesim/include/turtlesim/turtlesim/srv/detail/teleport_relative__type_support.cpp\n'}
[84.461687] (turtlesim) StdoutLine: {'line': b'-- Installing: /home/skpro/Desktop/Robotics Learning/ros2_ws/install/turtlesim/include/turtlesim/turtlesim/srv/detail/set_pen__type_support.cpp\n'}
[84.461742] (turtlesim) StdoutLine: {'line': b'-- Installing: /home/skpro/Desktop/Robotics Learning/ros2_ws/install/turtlesim/include/turtlesim/turtlesim/srv/detail/kill__type_support.cpp\n'}
[84.461795] (turtlesim) StdoutLine: {'line': b'-- Installing: /home/skpro/Desktop/Robotics Learning/ros2_ws/install/turtlesim/include/turtlesim/turtlesim/srv/detail/teleport_absolute__type_support.cpp\n'}
[84.461908] (turtlesim) StdoutLine: {'line': b'-- Installing: /home/skpro/Desktop/Robotics Learning/ros2_ws/install/turtlesim/include/turtlesim/turtlesim/srv/detail/set_pen__rosidl_typesupport_introspection_cpp.hpp\n'}
[84.461962] (turtlesim) StdoutLine: {'line': b'-- Installing: /home/skpro/Desktop/Robotics Learning/ros2_ws/install/turtlesim/include/turtlesim/turtlesim/srv/detail/kill__rosidl_typesupport_introspection_cpp.hpp\n'}
[84.462016] (turtlesim) StdoutLine: {'line': b'-- Installing: /home/skpro/Desktop/Robotics Learning/ros2_ws/install/turtlesim/include/turtlesim/turtlesim/srv/detail/spawn__rosidl_typesupport_introspection_cpp.hpp\n'}
[84.462068] (turtlesim) StdoutLine: {'line': b'-- Installing: /home/skpro/Desktop/Robotics Learning/ros2_ws/install/turtlesim/include/turtlesim/turtlesim/srv/detail/spawn__type_support.cpp\n'}
[84.462122] (turtlesim) StdoutLine: {'line': b'-- Installing: /home/skpro/Desktop/Robotics Learning/ros2_ws/install/turtlesim/include/turtlesim/turtlesim/srv/detail/teleport_relative__rosidl_typesupport_introspection_cpp.hpp\n'}
[84.462196] (turtlesim) StdoutLine: {'line': b'-- Installing: /home/skpro/Desktop/Robotics Learning/ros2_ws/install/turtlesim/include/turtlesim/turtlesim/srv/detail/teleport_absolute__rosidl_typesupport_introspection_cpp.hpp\n'}
[84.462251] (turtlesim) StdoutLine: {'line': b'-- Up-to-date: /home/skpro/Desktop/Robotics Learning/ros2_ws/install/turtlesim/include/turtlesim/turtlesim/action\n'}
[84.462304] (turtlesim) StdoutLine: {'line': b'-- Up-to-date: /home/skpro/Desktop/Robotics Learning/ros2_ws/install/turtlesim/include/turtlesim/turtlesim/action/detail\n'}
[84.462395] (turtlesim) StdoutLine: {'line': b'-- Installing: /home/skpro/Desktop/Robotics Learning/ros2_ws/install/turtlesim/include/turtlesim/turtlesim/action/detail/rotate_absolute__rosidl_typesupport_introspection_cpp.hpp\n'}
[84.462456] (turtlesim) StdoutLine: {'line': b'-- Installing: /home/skpro/Desktop/Robotics Learning/ros2_ws/install/turtlesim/include/turtlesim/turtlesim/action/detail/rotate_absolute__type_support.cpp\n'}
[84.462509] (turtlesim) StdoutLine: {'line': b'-- Installing: /home/skpro/Desktop/Robotics Learning/ros2_ws/install/turtlesim/lib/libturtlesim__rosidl_typesupport_introspection_cpp.so\n'}
[84.464135] (turtlesim) StdoutLine: {'line': b'-- Set runtime path of "/home/skpro/Desktop/Robotics Learning/ros2_ws/install/turtlesim/lib/libturtlesim__rosidl_typesupport_introspection_cpp.so" to ""\n'}
[84.464269] (turtlesim) StdoutLine: {'line': b'-- Installing: /home/skpro/Desktop/Robotics Learning/ros2_ws/install/turtlesim/lib/libturtlesim__rosidl_typesupport_cpp.so\n'}
[84.473097] (turtlesim) StdoutLine: {'line': b'-- Set runtime path of "/home/skpro/Desktop/Robotics Learning/ros2_ws/install/turtlesim/lib/libturtlesim__rosidl_typesupport_cpp.so" to ""\n'}
[84.473524] (turtlesim) StdoutLine: {'line': b'-- Installing: /home/skpro/Desktop/Robotics Learning/ros2_ws/install/turtlesim/share/turtlesim/environment/pythonpath.sh\n'}
[84.475454] (turtlesim) StdoutLine: {'line': b'-- Installing: /home/skpro/Desktop/Robotics Learning/ros2_ws/install/turtlesim/share/turtlesim/environment/pythonpath.dsv\n'}
[84.475527] (turtlesim) StdoutLine: {'line': b'-- Installing: /home/skpro/Desktop/Robotics Learning/ros2_ws/install/turtlesim/local/lib/python3.10/dist-packages/turtlesim-1.4.2-py3.10.egg-info\n'}
[84.475568] (turtlesim) StdoutLine: {'line': b'-- Installing: /home/skpro/Desktop/Robotics Learning/ros2_ws/install/turtlesim/local/lib/python3.10/dist-packages/turtlesim-1.4.2-py3.10.egg-info/SOURCES.txt\n'}
[84.475607] (turtlesim) StdoutLine: {'line': b'-- Installing: /home/skpro/Desktop/Robotics Learning/ros2_ws/install/turtlesim/local/lib/python3.10/dist-packages/turtlesim-1.4.2-py3.10.egg-info/top_level.txt\n'}
[84.475645] (turtlesim) StdoutLine: {'line': b'-- Installing: /home/skpro/Desktop/Robotics Learning/ros2_ws/install/turtlesim/local/lib/python3.10/dist-packages/turtlesim-1.4.2-py3.10.egg-info/PKG-INFO\n'}
[84.475682] (turtlesim) StdoutLine: {'line': b'-- Installing: /home/skpro/Desktop/Robotics Learning/ros2_ws/install/turtlesim/local/lib/python3.10/dist-packages/turtlesim-1.4.2-py3.10.egg-info/dependency_links.txt\n'}
[84.475777] (turtlesim) StdoutLine: {'line': b'-- Installing: /home/skpro/Desktop/Robotics Learning/ros2_ws/install/turtlesim/local/lib/python3.10/dist-packages/turtlesim\n'}
[84.475816] (turtlesim) StdoutLine: {'line': b'-- Installing: /home/skpro/Desktop/Robotics Learning/ros2_ws/install/turtlesim/local/lib/python3.10/dist-packages/turtlesim/_turtlesim_s.ep.rosidl_typesupport_c.c\n'}
[84.475853] (turtlesim) StdoutLine: {'line': b'-- Installing: /home/skpro/Desktop/Robotics Learning/ros2_ws/install/turtlesim/local/lib/python3.10/dist-packages/turtlesim/_turtlesim_s.ep.rosidl_typesupport_introspection_c.c\n'}
[84.475891] (turtlesim) StdoutLine: {'line': b'-- Installing: /home/skpro/Desktop/Robotics Learning/ros2_ws/install/turtlesim/local/lib/python3.10/dist-packages/turtlesim/msg\n'}
[84.475929] (turtlesim) StdoutLine: {'line': b'-- Installing: /home/skpro/Desktop/Robotics Learning/ros2_ws/install/turtlesim/local/lib/python3.10/dist-packages/turtlesim/msg/_color_s.c\n'}
[84.475969] (turtlesim) StdoutLine: {'line': b'-- Installing: /home/skpro/Desktop/Robotics Learning/ros2_ws/install/turtlesim/local/lib/python3.10/dist-packages/turtlesim/msg/_pose.py\n'}
[84.476015] (turtlesim) StdoutLine: {'line': b'-- Installing: /home/skpro/Desktop/Robotics Learning/ros2_ws/install/turtlesim/local/lib/python3.10/dist-packages/turtlesim/msg/_color.py\n'}
[84.476052] (turtlesim) StdoutLine: {'line': b'-- Installing: /home/skpro/Desktop/Robotics Learning/ros2_ws/install/turtlesim/local/lib/python3.10/dist-packages/turtlesim/msg/_pose_s.c\n'}
[84.476088] (turtlesim) StdoutLine: {'line': b'-- Installing: /home/skpro/Desktop/Robotics Learning/ros2_ws/install/turtlesim/local/lib/python3.10/dist-packages/turtlesim/msg/__init__.py\n'}
[84.476124] (turtlesim) StdoutLine: {'line': b'-- Installing: /home/skpro/Desktop/Robotics Learning/ros2_ws/install/turtlesim/local/lib/python3.10/dist-packages/turtlesim/srv\n'}
[84.476160] (turtlesim) StdoutLine: {'line': b'-- Installing: /home/skpro/Desktop/Robotics Learning/ros2_ws/install/turtlesim/local/lib/python3.10/dist-packages/turtlesim/srv/_kill.py\n'}
[84.476395] (turtlesim) StdoutLine: {'line': b'-- Installing: /home/skpro/Desktop/Robotics Learning/ros2_ws/install/turtlesim/local/lib/python3.10/dist-packages/turtlesim/srv/_teleport_absolute_s.c\n'}
[84.476468] (turtlesim) StdoutLine: {'line': b'-- Installing: /home/skpro/Desktop/Robotics Learning/ros2_ws/install/turtlesim/local/lib/python3.10/dist-packages/turtlesim/srv/_teleport_relative_s.c\n'}
[84.476580] (turtlesim) StdoutLine: {'line': b'-- Installing: /home/skpro/Desktop/Robotics Learning/ros2_ws/install/turtlesim/local/lib/python3.10/dist-packages/turtlesim/srv/_set_pen.py\n'}
[84.476666] (turtlesim) StdoutLine: {'line': b'-- Installing: /home/skpro/Desktop/Robotics Learning/ros2_ws/install/turtlesim/local/lib/python3.10/dist-packages/turtlesim/srv/_spawn_s.c\n'}
[84.476709] (turtlesim) StdoutLine: {'line': b'-- Installing: /home/skpro/Desktop/Robotics Learning/ros2_ws/install/turtlesim/local/lib/python3.10/dist-packages/turtlesim/srv/_teleport_relative.py\n'}
[84.476747] (turtlesim) StdoutLine: {'line': b'-- Installing: /home/skpro/Desktop/Robotics Learning/ros2_ws/install/turtlesim/local/lib/python3.10/dist-packages/turtlesim/srv/_set_pen_s.c\n'}
[84.476784] (turtlesim) StdoutLine: {'line': b'-- Installing: /home/skpro/Desktop/Robotics Learning/ros2_ws/install/turtlesim/local/lib/python3.10/dist-packages/turtlesim/srv/__init__.py\n'}
[84.476821] (turtlesim) StdoutLine: {'line': b'-- Installing: /home/skpro/Desktop/Robotics Learning/ros2_ws/install/turtlesim/local/lib/python3.10/dist-packages/turtlesim/srv/_spawn.py\n'}
[84.476857] (turtlesim) StdoutLine: {'line': b'-- Installing: /home/skpro/Desktop/Robotics Learning/ros2_ws/install/turtlesim/local/lib/python3.10/dist-packages/turtlesim/srv/_kill_s.c\n'}
[84.476893] (turtlesim) StdoutLine: {'line': b'-- Installing: /home/skpro/Desktop/Robotics Learning/ros2_ws/install/turtlesim/local/lib/python3.10/dist-packages/turtlesim/srv/_teleport_absolute.py\n'}
[84.477062] (turtlesim) StdoutLine: {'line': b'-- Installing: /home/skpro/Desktop/Robotics Learning/ros2_ws/install/turtlesim/local/lib/python3.10/dist-packages/turtlesim/turtlesim_s__rosidl_typesupport_introspection_c.cpython-310-x86_64-linux-gnu.so\n'}
[84.486261] (turtlesim) StdoutLine: {'line': b'-- Installing: /home/skpro/Desktop/Robotics Learning/ros2_ws/install/turtlesim/local/lib/python3.10/dist-packages/turtlesim/libturtlesim__rosidl_generator_py.so\n'}
[84.486731] (turtlesim) StdoutLine: {'line': b'-- Installing: /home/skpro/Desktop/Robotics Learning/ros2_ws/install/turtlesim/local/lib/python3.10/dist-packages/turtlesim/turtlesim_s__rosidl_typesupport_fastrtps_c.cpython-310-x86_64-linux-gnu.so\n'}
[84.486864] (turtlesim) StdoutLine: {'line': b'-- Installing: /home/skpro/Desktop/Robotics Learning/ros2_ws/install/turtlesim/local/lib/python3.10/dist-packages/turtlesim/__init__.py\n'}
[84.486941] (turtlesim) StdoutLine: {'line': b'-- Installing: /home/skpro/Desktop/Robotics Learning/ros2_ws/install/turtlesim/local/lib/python3.10/dist-packages/turtlesim/_turtlesim_s.ep.rosidl_typesupport_fastrtps_c.c\n'}
[84.487004] (turtlesim) StdoutLine: {'line': b'-- Installing: /home/skpro/Desktop/Robotics Learning/ros2_ws/install/turtlesim/local/lib/python3.10/dist-packages/turtlesim/turtlesim_s__rosidl_typesupport_c.cpython-310-x86_64-linux-gnu.so\n'}
[84.487083] (turtlesim) StdoutLine: {'line': b'-- Installing: /home/skpro/Desktop/Robotics Learning/ros2_ws/install/turtlesim/local/lib/python3.10/dist-packages/turtlesim/action\n'}
[84.487143] (turtlesim) StdoutLine: {'line': b'-- Installing: /home/skpro/Desktop/Robotics Learning/ros2_ws/install/turtlesim/local/lib/python3.10/dist-packages/turtlesim/action/_rotate_absolute.py\n'}
[84.492194] (turtlesim) StdoutLine: {'line': b'-- Installing: /home/skpro/Desktop/Robotics Learning/ros2_ws/install/turtlesim/local/lib/python3.10/dist-packages/turtlesim/action/__init__.py\n'}
[84.492616] (turtlesim) StdoutLine: {'line': b'-- Installing: /home/skpro/Desktop/Robotics Learning/ros2_ws/install/turtlesim/local/lib/python3.10/dist-packages/turtlesim/action/_rotate_absolute_s.c\n'}
[84.495476] (-) TimerEvent: {}
[84.575164] (turtlesim) StdoutLine: {'line': b"Listing '/home/skpro/Desktop/Robotics Learning/ros2_ws/install/turtlesim/local/lib/python3.10/dist-packages/turtlesim'...\n"}
[84.575716] (turtlesim) StdoutLine: {'line': b"Compiling '/home/skpro/Desktop/Robotics Learning/ros2_ws/install/turtlesim/local/lib/python3.10/dist-packages/turtlesim/__init__.py'...\n"}
[84.575795] (turtlesim) StdoutLine: {'line': b"Listing '/home/skpro/Desktop/Robotics Learning/ros2_ws/install/turtlesim/local/lib/python3.10/dist-packages/turtlesim/action'...\n"}
[84.575856] (turtlesim) StdoutLine: {'line': b"Compiling '/home/skpro/Desktop/Robotics Learning/ros2_ws/install/turtlesim/local/lib/python3.10/dist-packages/turtlesim/action/__init__.py'...\n"}
[84.575916] (turtlesim) StdoutLine: {'line': b"Compiling '/home/skpro/Desktop/Robotics Learning/ros2_ws/install/turtlesim/local/lib/python3.10/dist-packages/turtlesim/action/_rotate_absolute.py'...\n"}
[84.575978] (turtlesim) StdoutLine: {'line': b"Listing '/home/skpro/Desktop/Robotics Learning/ros2_ws/install/turtlesim/local/lib/python3.10/dist-packages/turtlesim/msg'...\n"}
[84.576036] (turtlesim) StdoutLine: {'line': b"Compiling '/home/skpro/Desktop/Robotics Learning/ros2_ws/install/turtlesim/local/lib/python3.10/dist-packages/turtlesim/msg/__init__.py'...\n"}
[84.576098] (turtlesim) StdoutLine: {'line': b"Compiling '/home/skpro/Desktop/Robotics Learning/ros2_ws/install/turtlesim/local/lib/python3.10/dist-packages/turtlesim/msg/_color.py'...\n"}
[84.576215] (turtlesim) StdoutLine: {'line': b"Compiling '/home/skpro/Desktop/Robotics Learning/ros2_ws/install/turtlesim/local/lib/python3.10/dist-packages/turtlesim/msg/_pose.py'...\n"}
[84.576603] (turtlesim) StdoutLine: {'line': b"Listing '/home/skpro/Desktop/Robotics Learning/ros2_ws/install/turtlesim/local/lib/python3.10/dist-packages/turtlesim/srv'...\n"}
[84.576707] (turtlesim) StdoutLine: {'line': b"Compiling '/home/skpro/Desktop/Robotics Learning/ros2_ws/install/turtlesim/local/lib/python3.10/dist-packages/turtlesim/srv/__init__.py'...\n"}
[84.576763] (turtlesim) StdoutLine: {'line': b"Compiling '/home/skpro/Desktop/Robotics Learning/ros2_ws/install/turtlesim/local/lib/python3.10/dist-packages/turtlesim/srv/_kill.py'...\n"}
[84.576815] (turtlesim) StdoutLine: {'line': b"Compiling '/home/skpro/Desktop/Robotics Learning/ros2_ws/install/turtlesim/local/lib/python3.10/dist-packages/turtlesim/srv/_set_pen.py'...\n"}
[84.576957] (turtlesim) StdoutLine: {'line': b"Compiling '/home/skpro/Desktop/Robotics Learning/ros2_ws/install/turtlesim/local/lib/python3.10/dist-packages/turtlesim/srv/_spawn.py'...\n"}
[84.577069] (turtlesim) StdoutLine: {'line': b"Compiling '/home/skpro/Desktop/Robotics Learning/ros2_ws/install/turtlesim/local/lib/python3.10/dist-packages/turtlesim/srv/_teleport_absolute.py'...\n"}
[84.577178] (turtlesim) StdoutLine: {'line': b"Compiling '/home/skpro/Desktop/Robotics Learning/ros2_ws/install/turtlesim/local/lib/python3.10/dist-packages/turtlesim/srv/_teleport_relative.py'...\n"}
[84.583326] (turtlesim) StdoutLine: {'line': b'-- Installing: /home/skpro/Desktop/Robotics Learning/ros2_ws/install/turtlesim/local/lib/python3.10/dist-packages/turtlesim/turtlesim_s__rosidl_typesupport_fastrtps_c.cpython-310-x86_64-linux-gnu.so\n'}
[84.583612] (turtlesim) StdoutLine: {'line': b'-- Set runtime path of "/home/skpro/Desktop/Robotics Learning/ros2_ws/install/turtlesim/local/lib/python3.10/dist-packages/turtlesim/turtlesim_s__rosidl_typesupport_fastrtps_c.cpython-310-x86_64-linux-gnu.so" to ""\n'}
[84.583661] (turtlesim) StdoutLine: {'line': b'-- Installing: /home/skpro/Desktop/Robotics Learning/ros2_ws/install/turtlesim/local/lib/python3.10/dist-packages/turtlesim/turtlesim_s__rosidl_typesupport_introspection_c.cpython-310-x86_64-linux-gnu.so\n'}
[84.584888] (turtlesim) StdoutLine: {'line': b'-- Set runtime path of "/home/skpro/Desktop/Robotics Learning/ros2_ws/install/turtlesim/local/lib/python3.10/dist-packages/turtlesim/turtlesim_s__rosidl_typesupport_introspection_c.cpython-310-x86_64-linux-gnu.so" to ""\n'}
[84.587136] (turtlesim) StdoutLine: {'line': b'-- Installing: /home/skpro/Desktop/Robotics Learning/ros2_ws/install/turtlesim/local/lib/python3.10/dist-packages/turtlesim/turtlesim_s__rosidl_typesupport_c.cpython-310-x86_64-linux-gnu.so\n'}
[84.587947] (turtlesim) StdoutLine: {'line': b'-- Set runtime path of "/home/skpro/Desktop/Robotics Learning/ros2_ws/install/turtlesim/local/lib/python3.10/dist-packages/turtlesim/turtlesim_s__rosidl_typesupport_c.cpython-310-x86_64-linux-gnu.so" to ""\n'}
[84.588266] (turtlesim) StdoutLine: {'line': b'-- Installing: /home/skpro/Desktop/Robotics Learning/ros2_ws/install/turtlesim/lib/libturtlesim__rosidl_generator_py.so\n'}
[84.588352] (turtlesim) StdoutLine: {'line': b'-- Set runtime path of "/home/skpro/Desktop/Robotics Learning/ros2_ws/install/turtlesim/lib/libturtlesim__rosidl_generator_py.so" to ""\n'}
[84.588416] (turtlesim) StdoutLine: {'line': b'-- Installing: /home/skpro/Desktop/Robotics Learning/ros2_ws/install/turtlesim/share/turtlesim/action/RotateAbsolute.idl\n'}
[84.588478] (turtlesim) StdoutLine: {'line': b'-- Installing: /home/skpro/Desktop/Robotics Learning/ros2_ws/install/turtlesim/share/turtlesim/msg/Color.idl\n'}
[84.593880] (turtlesim) StdoutLine: {'line': b'-- Installing: /home/skpro/Desktop/Robotics Learning/ros2_ws/install/turtlesim/share/turtlesim/msg/Pose.idl\n'}
[84.594538] (turtlesim) StdoutLine: {'line': b'-- Installing: /home/skpro/Desktop/Robotics Learning/ros2_ws/install/turtlesim/share/turtlesim/srv/Kill.idl\n'}
[84.594612] (turtlesim) StdoutLine: {'line': b'-- Installing: /home/skpro/Desktop/Robotics Learning/ros2_ws/install/turtlesim/share/turtlesim/srv/SetPen.idl\n'}
[84.594677] (turtlesim) StdoutLine: {'line': b'-- Installing: /home/skpro/Desktop/Robotics Learning/ros2_ws/install/turtlesim/share/turtlesim/srv/Spawn.idl\n'}
[84.594741] (turtlesim) StdoutLine: {'line': b'-- Installing: /home/skpro/Desktop/Robotics Learning/ros2_ws/install/turtlesim/share/turtlesim/srv/TeleportAbsolute.idl\n'}
[84.594823] (turtlesim) StdoutLine: {'line': b'-- Installing: /home/skpro/Desktop/Robotics Learning/ros2_ws/install/turtlesim/share/turtlesim/srv/TeleportRelative.idl\n'}
[84.597496] (turtlesim) StdoutLine: {'line': b'-- Installing: /home/skpro/Desktop/Robotics Learning/ros2_ws/install/turtlesim/share/turtlesim/action/RotateAbsolute.action\n'}
[84.598100] (-) TimerEvent: {}
[84.598292] (turtlesim) StdoutLine: {'line': b'-- Installing: /home/skpro/Desktop/Robotics Learning/ros2_ws/install/turtlesim/share/turtlesim/msg/Color.msg\n'}
[84.598401] (turtlesim) StdoutLine: {'line': b'-- Installing: /home/skpro/Desktop/Robotics Learning/ros2_ws/install/turtlesim/share/turtlesim/msg/Pose.msg\n'}
[84.598804] (turtlesim) StdoutLine: {'line': b'-- Installing: /home/skpro/Desktop/Robotics Learning/ros2_ws/install/turtlesim/share/turtlesim/srv/Kill.srv\n'}
[84.598951] (turtlesim) StdoutLine: {'line': b'-- Installing: /home/skpro/Desktop/Robotics Learning/ros2_ws/install/turtlesim/share/turtlesim/srv/Kill_Request.msg\n'}
[84.599008] (turtlesim) StdoutLine: {'line': b'-- Installing: /home/skpro/Desktop/Robotics Learning/ros2_ws/install/turtlesim/share/turtlesim/srv/Kill_Response.msg\n'}
[84.601029] (turtlesim) StdoutLine: {'line': b'-- Installing: /home/skpro/Desktop/Robotics Learning/ros2_ws/install/turtlesim/share/turtlesim/srv/SetPen.srv\n'}
[84.601283] (turtlesim) StdoutLine: {'line': b'-- Installing: /home/skpro/Desktop/Robotics Learning/ros2_ws/install/turtlesim/share/turtlesim/srv/SetPen_Request.msg\n'}
[84.601393] (turtlesim) StdoutLine: {'line': b'-- Installing: /home/skpro/Desktop/Robotics Learning/ros2_ws/install/turtlesim/share/turtlesim/srv/SetPen_Response.msg\n'}
[84.601595] (turtlesim) StdoutLine: {'line': b'-- Installing: /home/skpro/Desktop/Robotics Learning/ros2_ws/install/turtlesim/share/turtlesim/srv/Spawn.srv\n'}
[84.601738] (turtlesim) StdoutLine: {'line': b'-- Installing: /home/skpro/Desktop/Robotics Learning/ros2_ws/install/turtlesim/share/turtlesim/srv/Spawn_Request.msg\n'}
[84.601793] (turtlesim) StdoutLine: {'line': b'-- Installing: /home/skpro/Desktop/Robotics Learning/ros2_ws/install/turtlesim/share/turtlesim/srv/Spawn_Response.msg\n'}
[84.602548] (turtlesim) StdoutLine: {'line': b'-- Installing: /home/skpro/Desktop/Robotics Learning/ros2_ws/install/turtlesim/share/turtlesim/srv/TeleportAbsolute.srv\n'}
[84.602734] (turtlesim) StdoutLine: {'line': b'-- Installing: /home/skpro/Desktop/Robotics Learning/ros2_ws/install/turtlesim/share/turtlesim/srv/TeleportAbsolute_Request.msg\n'}
[84.602805] (turtlesim) StdoutLine: {'line': b'-- Installing: /home/skpro/Desktop/Robotics Learning/ros2_ws/install/turtlesim/share/turtlesim/srv/TeleportAbsolute_Response.msg\n'}
[84.602859] (turtlesim) StdoutLine: {'line': b'-- Installing: /home/skpro/Desktop/Robotics Learning/ros2_ws/install/turtlesim/share/turtlesim/srv/TeleportRelative.srv\n'}
[84.602925] (turtlesim) StdoutLine: {'line': b'-- Installing: /home/skpro/Desktop/Robotics Learning/ros2_ws/install/turtlesim/share/turtlesim/srv/TeleportRelative_Request.msg\n'}
[84.603758] (turtlesim) StdoutLine: {'line': b'-- Installing: /home/skpro/Desktop/Robotics Learning/ros2_ws/install/turtlesim/share/turtlesim/srv/TeleportRelative_Response.msg\n'}
[84.605293] (turtlesim) StdoutLine: {'line': b'-- Installing: /home/skpro/Desktop/Robotics Learning/ros2_ws/install/turtlesim/lib/turtlesim/turtlesim_node\n'}
[84.622831] (turtlesim) StdoutLine: {'line': b'-- Set runtime path of "/home/skpro/Desktop/Robotics Learning/ros2_ws/install/turtlesim/lib/turtlesim/turtlesim_node" to ""\n'}
[84.623189] (turtlesim) StdoutLine: {'line': b'-- Installing: /home/skpro/Desktop/Robotics Learning/ros2_ws/install/turtlesim/lib/turtlesim/turtle_teleop_key\n'}
[84.627527] (turtlesim) StdoutLine: {'line': b'-- Set runtime path of "/home/skpro/Desktop/Robotics Learning/ros2_ws/install/turtlesim/lib/turtlesim/turtle_teleop_key" to ""\n'}
[84.627846] (turtlesim) StdoutLine: {'line': b'-- Installing: /home/skpro/Desktop/Robotics Learning/ros2_ws/install/turtlesim/lib/turtlesim/draw_square\n'}
[84.639961] (turtlesim) StdoutLine: {'line': b'-- Set runtime path of "/home/skpro/Desktop/Robotics Learning/ros2_ws/install/turtlesim/lib/turtlesim/draw_square" to ""\n'}
[84.640253] (turtlesim) StdoutLine: {'line': b'-- Installing: /home/skpro/Desktop/Robotics Learning/ros2_ws/install/turtlesim/lib/turtlesim/mimic\n'}
[84.655576] (turtlesim) StdoutLine: {'line': b'-- Set runtime path of "/home/skpro/Desktop/Robotics Learning/ros2_ws/install/turtlesim/lib/turtlesim/mimic" to ""\n'}
[84.655865] (turtlesim) StdoutLine: {'line': b'-- Installing: /home/skpro/Desktop/Robotics Learning/ros2_ws/install/turtlesim/share/turtlesim/images\n'}
[84.655947] (turtlesim) StdoutLine: {'line': b'-- Installing: /home/skpro/Desktop/Robotics Learning/ros2_ws/install/turtlesim/share/turtlesim/images/galactic.png\n'}
[84.656015] (turtlesim) StdoutLine: {'line': b'-- Installing: /home/skpro/Desktop/Robotics Learning/ros2_ws/install/turtlesim/share/turtlesim/images/crystal.png\n'}
[84.656077] (turtlesim) StdoutLine: {'line': b'-- Installing: /home/skpro/Desktop/Robotics Learning/ros2_ws/install/turtlesim/share/turtlesim/images/dashing.png\n'}
[84.656299] (turtlesim) StdoutLine: {'line': b'-- Installing: /home/skpro/Desktop/Robotics Learning/ros2_ws/install/turtlesim/share/turtlesim/images/bouncy.png\n'}
[84.656431] (turtlesim) StdoutLine: {'line': b'-- Installing: /home/skpro/Desktop/Robotics Learning/ros2_ws/install/turtlesim/share/turtlesim/images/ardent.png\n'}
[84.656674] (turtlesim) StdoutLine: {'line': b'-- Installing: /home/skpro/Desktop/Robotics Learning/ros2_ws/install/turtlesim/share/turtlesim/images/eloquent.png\n'}
[84.656860] (turtlesim) StdoutLine: {'line': b'-- Installing: /home/skpro/Desktop/Robotics Learning/ros2_ws/install/turtlesim/share/turtlesim/images/foxy.png\n'}
[84.660621] (turtlesim) StdoutLine: {'line': b'-- Installing: /home/skpro/Desktop/Robotics Learning/ros2_ws/install/turtlesim/share/turtlesim/images/rolling.png\n'}
[84.661116] (turtlesim) StdoutLine: {'line': b'-- Installing: /home/skpro/Desktop/Robotics Learning/ros2_ws/install/turtlesim/share/turtlesim/images/humble.png\n'}
[84.661210] (turtlesim) StdoutLine: {'line': b'-- Installing: /home/skpro/Desktop/Robotics Learning/ros2_ws/install/turtlesim/share/turtlesim/launch\n'}
[84.661267] (turtlesim) StdoutLine: {'line': b'-- Installing: /home/skpro/Desktop/Robotics Learning/ros2_ws/install/turtlesim/share/turtlesim/launch/multisim.launch.py\n'}
[84.663332] (turtlesim) StdoutLine: {'line': b'-- Installing: /home/skpro/Desktop/Robotics Learning/ros2_ws/install/turtlesim/share/ament_index/resource_index/package_run_dependencies/turtlesim\n'}
[84.663755] (turtlesim) StdoutLine: {'line': b'-- Installing: /home/skpro/Desktop/Robotics Learning/ros2_ws/install/turtlesim/share/ament_index/resource_index/parent_prefix_path/turtlesim\n'}
[84.666880] (turtlesim) StdoutLine: {'line': b'-- Installing: /home/skpro/Desktop/Robotics Learning/ros2_ws/install/turtlesim/share/turtlesim/environment/ament_prefix_path.sh\n'}
[84.667117] (turtlesim) StdoutLine: {'line': b'-- Installing: /home/skpro/Desktop/Robotics Learning/ros2_ws/install/turtlesim/share/turtlesim/environment/ament_prefix_path.dsv\n'}
[84.667186] (turtlesim) StdoutLine: {'line': b'-- Installing: /home/skpro/Desktop/Robotics Learning/ros2_ws/install/turtlesim/share/turtlesim/environment/path.sh\n'}
[84.667247] (turtlesim) StdoutLine: {'line': b'-- Installing: /home/skpro/Desktop/Robotics Learning/ros2_ws/install/turtlesim/share/turtlesim/environment/path.dsv\n'}
[84.668110] (turtlesim) StdoutLine: {'line': b'-- Installing: /home/skpro/Desktop/Robotics Learning/ros2_ws/install/turtlesim/share/turtlesim/local_setup.bash\n'}
[84.672869] (turtlesim) StdoutLine: {'line': b'-- Installing: /home/skpro/Desktop/Robotics Learning/ros2_ws/install/turtlesim/share/turtlesim/local_setup.sh\n'}
[84.673171] (turtlesim) StdoutLine: {'line': b'-- Installing: /home/skpro/Desktop/Robotics Learning/ros2_ws/install/turtlesim/share/turtlesim/local_setup.zsh\n'}
[84.673382] (turtlesim) StdoutLine: {'line': b'-- Installing: /home/skpro/Desktop/Robotics Learning/ros2_ws/install/turtlesim/share/turtlesim/local_setup.dsv\n'}
[84.673505] (turtlesim) StdoutLine: {'line': b'-- Installing: /home/skpro/Desktop/Robotics Learning/ros2_ws/install/turtlesim/share/turtlesim/package.dsv\n'}
[84.673728] (turtlesim) StdoutLine: {'line': b'-- Installing: /home/skpro/Desktop/Robotics Learning/ros2_ws/install/turtlesim/share/ament_index/resource_index/packages/turtlesim\n'}
[84.673858] (turtlesim) StdoutLine: {'line': b'-- Installing: /home/skpro/Desktop/Robotics Learning/ros2_ws/install/turtlesim/share/turtlesim/cmake/export_turtlesim__rosidl_generator_cExport.cmake\n'}
[84.674660] (turtlesim) StdoutLine: {'line': b'-- Installing: /home/skpro/Desktop/Robotics Learning/ros2_ws/install/turtlesim/share/turtlesim/cmake/export_turtlesim__rosidl_generator_cExport-noconfig.cmake\n'}
[84.674861] (turtlesim) StdoutLine: {'line': b'-- Installing: /home/skpro/Desktop/Robotics Learning/ros2_ws/install/turtlesim/share/turtlesim/cmake/export_turtlesim__rosidl_typesupport_fastrtps_cExport.cmake\n'}
[84.674937] (turtlesim) StdoutLine: {'line': b'-- Installing: /home/skpro/Desktop/Robotics Learning/ros2_ws/install/turtlesim/share/turtlesim/cmake/export_turtlesim__rosidl_typesupport_fastrtps_cExport-noconfig.cmake\n'}
[84.674991] (turtlesim) StdoutLine: {'line': b'-- Installing: /home/skpro/Desktop/Robotics Learning/ros2_ws/install/turtlesim/share/turtlesim/cmake/export_turtlesim__rosidl_generator_cppExport.cmake\n'}
[84.675044] (turtlesim) StdoutLine: {'line': b'-- Installing: /home/skpro/Desktop/Robotics Learning/ros2_ws/install/turtlesim/share/turtlesim/cmake/export_turtlesim__rosidl_typesupport_fastrtps_cppExport.cmake\n'}
[84.675097] (turtlesim) StdoutLine: {'line': b'-- Installing: /home/skpro/Desktop/Robotics Learning/ros2_ws/install/turtlesim/share/turtlesim/cmake/export_turtlesim__rosidl_typesupport_fastrtps_cppExport-noconfig.cmake\n'}
[84.675157] (turtlesim) StdoutLine: {'line': b'-- Installing: /home/skpro/Desktop/Robotics Learning/ros2_ws/install/turtlesim/share/turtlesim/cmake/turtlesim__rosidl_typesupport_introspection_cExport.cmake\n'}
[84.677610] (turtlesim) StdoutLine: {'line': b'-- Installing: /home/skpro/Desktop/Robotics Learning/ros2_ws/install/turtlesim/share/turtlesim/cmake/turtlesim__rosidl_typesupport_introspection_cExport-noconfig.cmake\n'}
[84.677887] (turtlesim) StdoutLine: {'line': b'-- Installing: /home/skpro/Desktop/Robotics Learning/ros2_ws/install/turtlesim/share/turtlesim/cmake/turtlesim__rosidl_typesupport_cExport.cmake\n'}
[84.677958] (turtlesim) StdoutLine: {'line': b'-- Installing: /home/skpro/Desktop/Robotics Learning/ros2_ws/install/turtlesim/share/turtlesim/cmake/turtlesim__rosidl_typesupport_cExport-noconfig.cmake\n'}
[84.678021] (turtlesim) StdoutLine: {'line': b'-- Installing: /home/skpro/Desktop/Robotics Learning/ros2_ws/install/turtlesim/share/turtlesim/cmake/turtlesim__rosidl_typesupport_introspection_cppExport.cmake\n'}
[84.678081] (turtlesim) StdoutLine: {'line': b'-- Installing: /home/skpro/Desktop/Robotics Learning/ros2_ws/install/turtlesim/share/turtlesim/cmake/turtlesim__rosidl_typesupport_introspection_cppExport-noconfig.cmake\n'}
[84.678202] (turtlesim) StdoutLine: {'line': b'-- Installing: /home/skpro/Desktop/Robotics Learning/ros2_ws/install/turtlesim/share/turtlesim/cmake/turtlesim__rosidl_typesupport_cppExport.cmake\n'}
[84.678434] (turtlesim) StdoutLine: {'line': b'-- Installing: /home/skpro/Desktop/Robotics Learning/ros2_ws/install/turtlesim/share/turtlesim/cmake/turtlesim__rosidl_typesupport_cppExport-noconfig.cmake\n'}
[84.678835] (turtlesim) StdoutLine: {'line': b'-- Installing: /home/skpro/Desktop/Robotics Learning/ros2_ws/install/turtlesim/share/turtlesim/cmake/export_turtlesim__rosidl_generator_pyExport.cmake\n'}
[84.679093] (turtlesim) StdoutLine: {'line': b'-- Installing: /home/skpro/Desktop/Robotics Learning/ros2_ws/install/turtlesim/share/turtlesim/cmake/export_turtlesim__rosidl_generator_pyExport-noconfig.cmake\n'}
[84.679538] (turtlesim) StdoutLine: {'line': b'-- Installing: /home/skpro/Desktop/Robotics Learning/ros2_ws/install/turtlesim/share/turtlesim/cmake/rosidl_cmake-extras.cmake\n'}
[84.681036] (turtlesim) StdoutLine: {'line': b'-- Installing: /home/skpro/Desktop/Robotics Learning/ros2_ws/install/turtlesim/share/turtlesim/cmake/ament_cmake_export_dependencies-extras.cmake\n'}
[84.681133] (turtlesim) StdoutLine: {'line': b'-- Installing: /home/skpro/Desktop/Robotics Learning/ros2_ws/install/turtlesim/share/turtlesim/cmake/ament_cmake_export_include_directories-extras.cmake\n'}
[84.681370] (turtlesim) StdoutLine: {'line': b'-- Installing: /home/skpro/Desktop/Robotics Learning/ros2_ws/install/turtlesim/share/turtlesim/cmake/ament_cmake_export_libraries-extras.cmake\n'}
[84.682354] (turtlesim) StdoutLine: {'line': b'-- Installing: /home/skpro/Desktop/Robotics Learning/ros2_ws/install/turtlesim/share/turtlesim/cmake/ament_cmake_export_targets-extras.cmake\n'}
[84.683371] (turtlesim) StdoutLine: {'line': b'-- Installing: /home/skpro/Desktop/Robotics Learning/ros2_ws/install/turtlesim/share/turtlesim/cmake/rosidl_cmake_export_typesupport_targets-extras.cmake\n'}
[84.684819] (turtlesim) StdoutLine: {'line': b'-- Installing: /home/skpro/Desktop/Robotics Learning/ros2_ws/install/turtlesim/share/turtlesim/cmake/rosidl_cmake_export_typesupport_libraries-extras.cmake\n'}
[84.698030] (turtlesim) StdoutLine: {'line': b'-- Installing: /home/skpro/Desktop/Robotics Learning/ros2_ws/install/turtlesim/share/turtlesim/cmake/turtlesimConfig.cmake\n'}
[84.700553] (-) TimerEvent: {}
[84.701001] (turtlesim) StdoutLine: {'line': b'-- Installing: /home/skpro/Desktop/Robotics Learning/ros2_ws/install/turtlesim/share/turtlesim/cmake/turtlesimConfig-version.cmake\n'}
[84.702040] (turtlesim) StdoutLine: {'line': b'-- Installing: /home/skpro/Desktop/Robotics Learning/ros2_ws/install/turtlesim/share/turtlesim/package.xml\n'}
[84.709967] (turtlesim) CommandEnded: {'returncode': 0}
[84.835244] (-) TimerEvent: {}
[84.903201] (turtlesim) JobEnded: {'identifier': 'turtlesim', 'rc': 0}
[84.909559] (-) EventReactorShutdown: {}
